-- MariaDB dump 10.19  Distrib 10.4.32-MariaDB, for Win64 (AMD64)
--
-- Host: localhost    Database: veeru_db
-- ------------------------------------------------------
-- Server version	10.4.32-MariaDB

/*!40101 SET @OLD_CHARACTER_SET_CLIENT=@@CHARACTER_SET_CLIENT */;
/*!40101 SET @OLD_CHARACTER_SET_RESULTS=@@CHARACTER_SET_RESULTS */;
/*!40101 SET @OLD_COLLATION_CONNECTION=@@COLLATION_CONNECTION */;
/*!40101 SET NAMES utf8mb4 */;
/*!40103 SET @OLD_TIME_ZONE=@@TIME_ZONE */;
/*!40103 SET TIME_ZONE='+00:00' */;
/*!40014 SET @OLD_UNIQUE_CHECKS=@@UNIQUE_CHECKS, UNIQUE_CHECKS=0 */;
/*!40014 SET @OLD_FOREIGN_KEY_CHECKS=@@FOREIGN_KEY_CHECKS, FOREIGN_KEY_CHECKS=0 */;
/*!40101 SET @OLD_SQL_MODE=@@SQL_MODE, SQL_MODE='NO_AUTO_VALUE_ON_ZERO' */;
/*!40111 SET @OLD_SQL_NOTES=@@SQL_NOTES, SQL_NOTES=0 */;

--
-- Table structure for table `badges`
--

DROP TABLE IF EXISTS `badges`;
/*!40101 SET @saved_cs_client     = @@character_set_client */;
/*!40101 SET character_set_client = utf8 */;
CREATE TABLE `badges` (
  `badge_id` int(11) NOT NULL AUTO_INCREMENT,
  `name` varchar(100) NOT NULL,
  `description` text DEFAULT NULL,
  `icon` varchar(50) NOT NULL,
  `criteria_type` varchar(50) NOT NULL,
  `criteria_value` varchar(50) NOT NULL,
  `created_at` timestamp NOT NULL DEFAULT current_timestamp(),
  PRIMARY KEY (`badge_id`)
) ENGINE=InnoDB AUTO_INCREMENT=4 DEFAULT CHARSET=utf8mb4 COLLATE=utf8mb4_general_ci;
/*!40101 SET character_set_client = @saved_cs_client */;

--
-- Dumping data for table `badges`
--

LOCK TABLES `badges` WRITE;
/*!40000 ALTER TABLE `badges` DISABLE KEYS */;
INSERT INTO `badges` VALUES (1,'Night Owl','Study after 10 PM','🌙','time_of_day','22:00','2025-12-01 11:17:49'),(2,'Streak Master','Login 7 days in a row','🔥','login_streak','7','2025-12-01 11:17:49'),(3,'Quiz Whiz','Score 100% on 5 quizzes','🏆','perfect_scores','5','2025-12-01 11:17:49');
/*!40000 ALTER TABLE `badges` ENABLE KEYS */;
UNLOCK TABLES;

--
-- Table structure for table `bookmarks`
--

DROP TABLE IF EXISTS `bookmarks`;
/*!40101 SET @saved_cs_client     = @@character_set_client */;
/*!40101 SET character_set_client = utf8 */;
CREATE TABLE `bookmarks` (
  `id` int(11) NOT NULL AUTO_INCREMENT,
  `user_id` int(11) NOT NULL,
  `item_id` int(11) NOT NULL,
  `type` enum('video','note','question') NOT NULL,
  `title` varchar(255) NOT NULL,
  `meta` longtext CHARACTER SET utf8mb4 COLLATE utf8mb4_bin DEFAULT NULL CHECK (json_valid(`meta`)),
  `created_at` timestamp NOT NULL DEFAULT current_timestamp(),
  PRIMARY KEY (`id`),
  KEY `user_id` (`user_id`)
) ENGINE=InnoDB DEFAULT CHARSET=utf8mb4 COLLATE=utf8mb4_general_ci;
/*!40101 SET character_set_client = @saved_cs_client */;

--
-- Dumping data for table `bookmarks`
--

LOCK TABLES `bookmarks` WRITE;
/*!40000 ALTER TABLE `bookmarks` DISABLE KEYS */;
/*!40000 ALTER TABLE `bookmarks` ENABLE KEYS */;
UNLOCK TABLES;

--
-- Table structure for table `chapters`
--

DROP TABLE IF EXISTS `chapters`;
/*!40101 SET @saved_cs_client     = @@character_set_client */;
/*!40101 SET character_set_client = utf8 */;
CREATE TABLE `chapters` (
  `chapter_id` int(11) NOT NULL AUTO_INCREMENT,
  `subject_id` int(11) NOT NULL,
  `chapter_name` varchar(150) NOT NULL,
  `description` text DEFAULT NULL,
  `chapter_order` int(11) DEFAULT 1,
  `created_at` timestamp NOT NULL DEFAULT current_timestamp(),
  PRIMARY KEY (`chapter_id`),
  KEY `idx_subject_id` (`subject_id`),
  KEY `idx_chapter_subject` (`subject_id`)
) ENGINE=InnoDB AUTO_INCREMENT=84 DEFAULT CHARSET=utf8mb4 COLLATE=utf8mb4_unicode_ci;
/*!40101 SET character_set_client = @saved_cs_client */;

--
-- Dumping data for table `chapters`
--

LOCK TABLES `chapters` WRITE;
/*!40000 ALTER TABLE `chapters` DISABLE KEYS */;
INSERT INTO `chapters` VALUES (1,1,'Real Numbers','Introduction to real numbers and their properties',1,'2025-11-29 12:47:04'),(2,1,'Polynomials','Understanding polynomials and algebraic expressions',2,'2025-11-29 12:47:04'),(3,1,'Linear Equations','Solving linear equations in two variables',3,'2025-11-29 12:47:04'),(4,1,'Quadratic Equations','Quadratic equations and their solutions',4,'2025-11-29 12:47:04'),(5,1,'Arithmetic Progressions','Sequences and series',5,'2025-11-29 12:47:04'),(6,2,'Chemical Reactions','Types of chemical reactions',1,'2025-11-29 12:47:04'),(7,2,'Acids, Bases and Salts','Properties and reactions',2,'2025-11-29 12:47:04'),(8,2,'Light - Reflection and Refraction','Optical phenomena',3,'2025-11-29 12:47:04'),(9,8,'noun','',1,'2025-11-30 02:32:03'),(10,8,'VERB','',1,'2025-12-01 13:02:28'),(11,13,'VERB','',1,'2025-12-19 00:05:57'),(12,13,'noun','',2,'2025-12-19 00:06:06'),(13,17,'सूर्य, चंद्र आणि पृथ्वी','',1,'2025-12-19 12:04:59'),(14,18,'विद्युत','',1,'2025-12-23 09:16:47'),(15,12,'EARLY HUMANS','',1,'2026-01-04 05:18:23'),(16,19,'थेंब','',1,'2026-01-10 07:53:46'),(17,20,'Chapter 1: Introduction to Marathi','Basic concepts of Marathi',1,'2026-01-13 17:43:28'),(18,21,'Chapter 1: Introduction to English','Basic concepts of English',1,'2026-01-13 17:43:28'),(19,22,'Chapter 1: Introduction to Mathematics','Basic concepts of Mathematics',1,'2026-01-13 17:43:28'),(20,23,'Chapter 1: Introduction to Science','Basic concepts of Science',1,'2026-01-13 17:43:28'),(21,24,'Chapter 1: Introduction to History','Basic concepts of History',1,'2026-01-13 17:43:28'),(22,25,'Chapter 1: Introduction to Geography','Basic concepts of Geography',1,'2026-01-13 17:43:28'),(23,26,'Chapter 1: Introduction to Marathi','Basic concepts of Marathi',1,'2026-01-13 17:43:28'),(24,27,'Chapter 1: Introduction to English','Basic concepts of English',1,'2026-01-13 17:43:28'),(25,28,'Chapter 1: Introduction to Mathematics','Basic concepts of Mathematics',1,'2026-01-13 17:43:28'),(26,29,'Chapter 1: Introduction to Science','Basic concepts of Science',1,'2026-01-13 17:43:28'),(27,30,'Chapter 1: Introduction to History','Basic concepts of History',1,'2026-01-13 17:43:28'),(28,31,'Chapter 1: Introduction to Geography','Basic concepts of Geography',1,'2026-01-13 17:43:28'),(29,32,'Chapter 1: Introduction to Marathi','Basic concepts of Marathi',1,'2026-01-13 17:43:28'),(30,33,'Chapter 1: Introduction to English','Basic concepts of English',1,'2026-01-13 17:43:28'),(31,34,'Chapter 1: Introduction to Mathematics','Basic concepts of Mathematics',1,'2026-01-13 17:43:28'),(32,35,'Chapter 1: Introduction to Science','Basic concepts of Science',1,'2026-01-13 17:43:28'),(33,36,'Chapter 1: Introduction to History','Basic concepts of History',1,'2026-01-13 17:43:28'),(34,37,'Chapter 1: Introduction to Geography','Basic concepts of Geography',1,'2026-01-13 17:43:28'),(35,38,'Chapter 1: Introduction to Marathi','Basic concepts of Marathi',1,'2026-01-13 17:43:28'),(36,39,'Chapter 1: Introduction to English','Basic concepts of English',1,'2026-01-13 17:43:28'),(37,40,'Chapter 1: Introduction to Mathematics','Basic concepts of Mathematics',1,'2026-01-13 17:43:28'),(38,41,'Chapter 1: Introduction to Science','Basic concepts of Science',1,'2026-01-13 17:43:28'),(39,42,'Chapter 1: Introduction to History','Basic concepts of History',1,'2026-01-13 17:43:28'),(40,43,'Chapter 1: Introduction to Geography','Basic concepts of Geography',1,'2026-01-13 17:43:28'),(41,44,'Chapter 1: Introduction to Marathi','Basic concepts of Marathi',1,'2026-01-13 17:43:28'),(42,45,'Chapter 1: Introduction to English','Basic concepts of English',1,'2026-01-13 17:43:28'),(43,46,'Chapter 1: Introduction to Mathematics','Basic concepts of Mathematics',1,'2026-01-13 17:43:28'),(44,47,'Chapter 1: Introduction to Science','Basic concepts of Science',1,'2026-01-13 17:43:28'),(45,48,'Chapter 1: Introduction to History','Basic concepts of History',1,'2026-01-13 17:43:28'),(46,49,'Chapter 1: Introduction to Geography','Basic concepts of Geography',1,'2026-01-13 17:43:28'),(47,50,'Chapter 1: Introduction to Marathi','Basic concepts of Marathi',1,'2026-01-13 17:43:28'),(48,51,'Chapter 1: Introduction to English','Basic concepts of English',1,'2026-01-13 17:43:28'),(49,52,'Chapter 1: Introduction to Mathematics','Basic concepts of Mathematics',1,'2026-01-13 17:43:28'),(50,53,'Chapter 1: Introduction to Science','Basic concepts of Science',1,'2026-01-13 17:43:28'),(51,54,'Chapter 1: Introduction to History','Basic concepts of History',1,'2026-01-13 17:43:28'),(52,55,'Chapter 1: Introduction to Geography','Basic concepts of Geography',1,'2026-01-13 17:43:28'),(53,56,'Chapter 1: Introduction to Marathi','Basic concepts of Marathi',1,'2026-01-13 17:43:28'),(54,57,'Chapter 1: Introduction to English','Basic concepts of English',1,'2026-01-13 17:43:28'),(55,58,'Chapter 1: Introduction to Mathematics','Basic concepts of Mathematics',1,'2026-01-13 17:43:28'),(56,59,'Chapter 1: Introduction to Science','Basic concepts of Science',1,'2026-01-13 17:43:28'),(57,60,'Chapter 1: Introduction to History','Basic concepts of History',1,'2026-01-13 17:43:28'),(58,61,'Chapter 1: Introduction to Geography','Basic concepts of Geography',1,'2026-01-13 17:43:28'),(59,62,'Chapter 1: Introduction to Marathi','Basic concepts of Marathi',1,'2026-01-13 17:43:28'),(60,63,'Chapter 1: Introduction to English','Basic concepts of English',1,'2026-01-13 17:43:28'),(61,64,'Chapter 1: Introduction to Mathematics','Basic concepts of Mathematics',1,'2026-01-13 17:43:28'),(62,65,'Chapter 1: Introduction to Science','Basic concepts of Science',1,'2026-01-13 17:43:28'),(63,66,'Chapter 1: Introduction to History','Basic concepts of History',1,'2026-01-13 17:43:28'),(64,67,'Chapter 1: Introduction to Geography','Basic concepts of Geography',1,'2026-01-13 17:43:28'),(65,68,'Chapter 1: Introduction to Marathi','Basic concepts of Marathi',1,'2026-01-13 17:43:28'),(66,69,'Chapter 1: Introduction to English','Basic concepts of English',1,'2026-01-13 17:43:28'),(67,70,'Chapter 1: Introduction to Mathematics','Basic concepts of Mathematics',1,'2026-01-13 17:43:28'),(68,71,'Chapter 1: Introduction to Science','Basic concepts of Science',1,'2026-01-13 17:43:28'),(69,72,'Chapter 1: Introduction to History','Basic concepts of History',1,'2026-01-13 17:43:28'),(70,73,'Chapter 1: Introduction to Geography','Basic concepts of Geography',1,'2026-01-13 17:43:28'),(71,74,'Chapter 1: Introduction to Marathi','Basic concepts of Marathi',1,'2026-01-13 17:43:28'),(72,75,'Chapter 1: Introduction to English','Basic concepts of English',1,'2026-01-13 17:43:28'),(73,76,'Chapter 1: Introduction to Mathematics','Basic concepts of Mathematics',1,'2026-01-13 17:43:28'),(74,77,'Chapter 1: Introduction to Science','Basic concepts of Science',1,'2026-01-13 17:43:28'),(75,78,'Chapter 1: Introduction to History','Basic concepts of History',1,'2026-01-13 17:43:28'),(76,79,'Chapter 1: Introduction to Geography','Basic concepts of Geography',1,'2026-01-13 17:43:28'),(77,12,'Indus Valley Civilisation','',2,'2026-01-14 19:49:46'),(78,12,'OUR GOVERNMENT','',3,'2026-01-14 19:50:05'),(79,12,'NATIONAL SYMBOLS','',4,'2026-01-14 19:50:26'),(80,12,'OUR GREAT LEADERS','',5,'2026-01-14 20:06:15'),(81,12,'TRANSPORT AND COMMUNICATION','',5,'2026-01-15 17:11:51'),(82,12,'DIFFERENT OCCUPATION','',6,'2026-01-15 17:12:10'),(83,12,'OUR ENVIORNMENT','',7,'2026-01-15 18:22:44');
/*!40000 ALTER TABLE `chapters` ENABLE KEYS */;
UNLOCK TABLES;

--
-- Table structure for table `classes`
--

DROP TABLE IF EXISTS `classes`;
/*!40101 SET @saved_cs_client     = @@character_set_client */;
/*!40101 SET character_set_client = utf8 */;
CREATE TABLE `classes` (
  `class_id` int(11) NOT NULL AUTO_INCREMENT,
  `class_name` varchar(50) NOT NULL,
  `board_type` varchar(50) DEFAULT 'STATE_MARATHI',
  `created_at` timestamp NOT NULL DEFAULT current_timestamp(),
  PRIMARY KEY (`class_id`),
  UNIQUE KEY `unique_class_board` (`class_name`,`board_type`)
) ENGINE=InnoDB AUTO_INCREMENT=37 DEFAULT CHARSET=utf8mb4 COLLATE=utf8mb4_unicode_ci;
/*!40101 SET character_set_client = @saved_cs_client */;

--
-- Dumping data for table `classes`
--

LOCK TABLES `classes` WRITE;
/*!40000 ALTER TABLE `classes` DISABLE KEYS */;
INSERT INTO `classes` VALUES (1,'Class 1','CBSE','2025-11-29 12:47:04'),(2,'Class 2','CBSE','2025-11-29 12:47:04'),(3,'Class 3','CBSE','2025-11-29 12:47:04'),(4,'Class 4','CBSE','2025-11-29 12:47:04'),(5,'Class 5','CBSE','2025-11-29 12:47:04'),(6,'Class 6','CBSE','2025-11-29 12:47:04'),(7,'Class 7','CBSE','2025-11-29 12:47:04'),(8,'Class 8','CBSE','2025-11-29 12:47:04'),(9,'Class 9','CBSE','2025-11-29 12:47:04'),(10,'Class 10','CBSE','2025-11-29 12:47:04'),(11,'Class 11','CBSE','2025-11-29 12:47:04'),(12,'Class 12','CBSE','2025-11-29 12:47:04'),(17,'CLASS 1','STATE_MARATHI','2026-01-13 16:03:21'),(18,'CLASS 2','STATE_MARATHI','2026-01-13 17:37:49'),(19,'CLASS 3','STATE_MARATHI','2026-01-13 17:37:54'),(20,'CLASS 4','STATE_MARATHI','2026-01-13 17:38:00'),(21,'CLASS 5','STATE_MARATHI','2026-01-13 17:38:04'),(22,'CLASS 6','STATE_MARATHI','2026-01-13 17:38:09'),(23,'CLASS 7','STATE_MARATHI','2026-01-13 17:38:25'),(24,'CLASS 8','STATE_MARATHI','2026-01-13 17:38:32'),(25,'CLASS 9','STATE_MARATHI','2026-01-13 17:38:38'),(26,'CLASS 10','STATE_MARATHI','2026-01-13 17:38:42'),(27,'CLASS 1','STATE_SEMI','2026-01-13 17:38:55'),(28,'CLASS 2','STATE_SEMI','2026-01-13 17:39:05'),(29,'CLASS 3','STATE_SEMI','2026-01-13 17:39:09'),(30,'CLASS 4','STATE_SEMI','2026-01-13 17:39:14'),(31,'CLASS 5','STATE_SEMI','2026-01-13 17:39:18'),(32,'CLASS 6','STATE_SEMI','2026-01-13 17:39:25'),(33,'CLASS 7','STATE_SEMI','2026-01-13 17:39:30'),(34,'CLASS 8','STATE_SEMI','2026-01-13 17:39:34'),(35,'CLASS 9','STATE_SEMI','2026-01-13 17:39:41'),(36,'CLASS 10','STATE_SEMI','2026-01-13 17:39:46');
/*!40000 ALTER TABLE `classes` ENABLE KEYS */;
UNLOCK TABLES;

--
-- Table structure for table `flashcard_progress`
--

DROP TABLE IF EXISTS `flashcard_progress`;
/*!40101 SET @saved_cs_client     = @@character_set_client */;
/*!40101 SET character_set_client = utf8 */;
CREATE TABLE `flashcard_progress` (
  `id` int(11) NOT NULL AUTO_INCREMENT,
  `user_id` int(11) NOT NULL,
  `chapter_id` int(11) NOT NULL,
  `set_index` int(11) NOT NULL,
  `completed_at` datetime DEFAULT current_timestamp(),
  PRIMARY KEY (`id`),
  UNIQUE KEY `unique_attempt` (`user_id`,`chapter_id`,`set_index`)
) ENGINE=InnoDB DEFAULT CHARSET=utf8mb4 COLLATE=utf8mb4_general_ci;
/*!40101 SET character_set_client = @saved_cs_client */;

--
-- Dumping data for table `flashcard_progress`
--

LOCK TABLES `flashcard_progress` WRITE;
/*!40000 ALTER TABLE `flashcard_progress` DISABLE KEYS */;
/*!40000 ALTER TABLE `flashcard_progress` ENABLE KEYS */;
UNLOCK TABLES;

--
-- Table structure for table `flashcards`
--

DROP TABLE IF EXISTS `flashcards`;
/*!40101 SET @saved_cs_client     = @@character_set_client */;
/*!40101 SET character_set_client = utf8 */;
CREATE TABLE `flashcards` (
  `id` int(11) NOT NULL AUTO_INCREMENT,
  `chapter_id` int(11) NOT NULL,
  `subject` varchar(255) NOT NULL,
  `topic` varchar(255) NOT NULL,
  `question_front` text NOT NULL,
  `answer_back` text NOT NULL,
  `created_at` timestamp NOT NULL DEFAULT current_timestamp(),
  PRIMARY KEY (`id`),
  KEY `chapter_id` (`chapter_id`)
) ENGINE=InnoDB AUTO_INCREMENT=406 DEFAULT CHARSET=utf8mb4 COLLATE=utf8mb4_general_ci;
/*!40101 SET character_set_client = @saved_cs_client */;

--
-- Dumping data for table `flashcards`
--

LOCK TABLES `flashcards` WRITE;
/*!40000 ALTER TABLE `flashcards` DISABLE KEYS */;
INSERT INTO `flashcards` VALUES (1,13,'GEOGRAPHY','General','What is the capital of France?','Paris','2025-12-29 11:59:26'),(2,13,'GEOGRAPHY','General','Define Photosynthesis','Process used by plants to convert light into energy','2025-12-29 11:59:26'),(3,13,'GEOGRAPHY','General','What is the capital of France?','Paris','2025-12-29 12:16:55'),(4,13,'GEOGRAPHY','General','Define Photosynthesis','Process used by plants to convert light into energy','2025-12-29 12:16:55'),(5,13,'GEOGRAPHY','General','how many planets in our solar system are','8','2025-12-29 12:17:41'),(6,14,'SCIENCE','General','What is the capital of France?','Paris','2025-12-29 12:27:47'),(7,14,'SCIENCE','General','Define Photosynthesis','Process used by plants to convert light into energy','2025-12-29 12:27:47'),(11,15,'SOCIAL STUDIES','General','Who were early humans?','The first people who lived long ago.','2026-01-04 14:00:31'),(12,15,'SOCIAL STUDIES','General','What type of life did early humans lead?','Nomadic life.','2026-01-04 14:00:31'),(13,15,'SOCIAL STUDIES','General','Where did early humans live?','In caves and on tree branches.','2026-01-04 14:00:31'),(14,15,'SOCIAL STUDIES','General','What tools did early humans mostly use?','Stone tools.','2026-01-04 14:00:31'),(15,15,'SOCIAL STUDIES','General','What were early humans called?','Hunters and gatherers.','2026-01-04 14:00:31'),(16,15,'SOCIAL STUDIES','General','What did early humans hunt?','Animals and birds.','2026-01-04 14:00:31'),(17,15,'SOCIAL STUDIES','General','What did early humans gather?','Fruits, roots, and eggs.','2026-01-04 14:00:31'),(18,15,'SOCIAL STUDIES','General','What material was used to make early tools?','Stone.','2026-01-04 14:00:31'),(19,15,'SOCIAL STUDIES','General','What discovery helped humans cook food?','Fire.','2026-01-04 14:00:31'),(20,15,'SOCIAL STUDIES','General','What discovery helped humans stay warm?','Fire.','2026-01-04 14:00:31'),(21,15,'SOCIAL STUDIES','General','What did early humans eat?','Meat, fruits, and roots.','2026-01-04 14:00:31'),(22,15,'SOCIAL STUDIES','General','What covered early humans’ bodies?','Leaves, bark, and animal skin.','2026-01-04 14:00:31'),(23,15,'SOCIAL STUDIES','General','What helped humans carry heavy loads?','Wheel.','2026-01-04 14:00:31'),(24,15,'SOCIAL STUDIES','General','What activity started farming?','Growing crops.','2026-01-04 14:00:31'),(25,15,'SOCIAL STUDIES','General','What did seeds grow into?','Plants.','2026-01-04 14:00:31'),(26,15,'SOCIAL STUDIES','General','Which invention helped make pots?','Wheel.','2026-01-04 14:00:31'),(27,15,'SOCIAL STUDIES','General','What is farming?','Growing crops.','2026-01-04 14:00:31'),(28,15,'SOCIAL STUDIES','General','What kind of life started after farming?','Settled life.','2026-01-04 14:00:31'),(29,15,'SOCIAL STUDIES','General','What age is known for stone tools?','Stone Age.','2026-01-04 14:00:31'),(30,15,'SOCIAL STUDIES','General','What protected humans from wild animals?','Fire.','2026-01-04 14:00:31'),(31,15,'SOCIAL STUDIES','General','Early humans lived in cities. (True/False)','False','2026-01-04 14:00:31'),(32,15,'SOCIAL STUDIES','General','Early humans led a nomadic life. (True/False)','True','2026-01-04 14:00:31'),(33,15,'SOCIAL STUDIES','General','Stone was used to make tools. (True/False)','True','2026-01-04 14:00:31'),(34,15,'SOCIAL STUDIES','General','Early humans wore cotton clothes. (True/False)','False','2026-01-04 14:00:31'),(35,15,'SOCIAL STUDIES','General','Fire helped humans cook food. (True/False)','True','2026-01-04 14:00:31'),(36,15,'SOCIAL STUDIES','General','Early humans depended on machines. (True/False)','False','2026-01-04 14:00:31'),(37,15,'SOCIAL STUDIES','General','Farming helped humans live in one place. (True/False)','True','2026-01-04 14:00:31'),(38,15,'SOCIAL STUDIES','General','Wheel was invented before stone tools. (True/False)','False','2026-01-04 14:00:31'),(39,15,'SOCIAL STUDIES','General','Early humans were hunters and gatherers. (True/False)','True','2026-01-04 14:00:31'),(40,15,'SOCIAL STUDIES','General','Caves protected humans from animals. (True/False)','True','2026-01-04 14:00:31'),(41,15,'SOCIAL STUDIES','General','Early humans used plastic tools. (True/False)','False','2026-01-04 14:00:31'),(42,15,'SOCIAL STUDIES','General','Fire helped protect from wild animals. (True/False)','True','2026-01-04 14:00:31'),(43,15,'SOCIAL STUDIES','General','Early humans stored food in refrigerators. (True/False)','False','2026-01-04 14:00:31'),(44,15,'SOCIAL STUDIES','General','Seeds grow into plants. (True/False)','True','2026-01-04 14:00:31'),(45,15,'SOCIAL STUDIES','General','Wheel helped in transport. (True/False)','True','2026-01-04 14:00:31'),(46,15,'SOCIAL STUDIES','General','Early humans lived in ______.','caves','2026-01-04 14:00:31'),(47,15,'SOCIAL STUDIES','General','Early humans led a ______ life.','nomadic','2026-01-04 14:00:31'),(48,15,'SOCIAL STUDIES','General','Most early tools were made of ______.','stone','2026-01-04 14:00:31'),(49,15,'SOCIAL STUDIES','General','Early humans were called hunters and ______.','gatherers','2026-01-04 14:00:31'),(50,15,'SOCIAL STUDIES','General','Fire was discovered by rubbing two ______.','stones','2026-01-04 14:00:31'),(51,15,'SOCIAL STUDIES','General','Fire helped humans cook ______.','meat','2026-01-04 14:00:31'),(52,15,'SOCIAL STUDIES','General','Early humans covered their bodies with leaves and ______.','animal skin','2026-01-04 14:00:31'),(53,15,'SOCIAL STUDIES','General','Growing crops is called ______.','farming','2026-01-04 14:00:31'),(54,15,'SOCIAL STUDIES','General','The invention of ______ helped carry heavy loads.','wheel','2026-01-04 14:00:31'),(55,15,'SOCIAL STUDIES','General','Seeds grow into new ______.','plants','2026-01-04 14:00:31'),(56,15,'SOCIAL STUDIES','General','Early humans hunted animals for ______.','food','2026-01-04 14:00:31'),(57,15,'SOCIAL STUDIES','General','The wheel helped in making ______.','pots','2026-01-04 14:00:31'),(58,15,'SOCIAL STUDIES','General','Early humans used sharp stones to ______ animals.','hunt','2026-01-04 14:00:31'),(59,15,'SOCIAL STUDIES','General','After farming, humans lived a ______ life.','settled','2026-01-04 14:00:31'),(60,15,'SOCIAL STUDIES','General','Fire helped humans keep ______.','warm','2026-01-04 14:00:31'),(61,16,'MARATHI','General','थेंब कुठून येऊन बसले?','थेंब आकाशातून येऊन बसले.','2026-01-10 08:30:58'),(62,16,'MARATHI','General','थेंब कुठे बसले?','थेंब छोट्या छोट्या पानांवर बसले.','2026-01-10 08:30:58'),(63,16,'MARATHI','General','थेंब काय करत होते?','थेंब डोलत होते.','2026-01-10 08:30:58'),(64,16,'MARATHI','General','थेंब कुणाचे मन मोहवत होते?','थेंब लहान मुलांचे मन मोहवत होते.','2026-01-10 08:30:58'),(65,16,'MARATHI','General','थेंब कुठे झोपी गेले?','थेंब कोवळ्या गवतावर झोपी गेले.','2026-01-10 08:30:58'),(66,16,'MARATHI','General','थेंब आकाशातून येतात. (बरोबर/चूक)','बरोबर','2026-01-10 08:30:58'),(67,16,'MARATHI','General','थेंब मोठ्या दगडांवर बसले होते. (बरोबर/चूक)','चूक','2026-01-10 08:30:58'),(68,16,'MARATHI','General','थेंब इंद्रधनुष्य दाखवत होते. (बरोबर/चूक)','बरोबर','2026-01-10 08:30:58'),(69,16,'MARATHI','General','थेंब मुलांना आवडत नव्हते. (बरोबर/चूक)','चूक','2026-01-10 08:30:58'),(70,16,'MARATHI','General','थेंब गवतावर झोपले. (बरोबर/चूक)','बरोबर','2026-01-10 08:30:58'),(71,16,'MARATHI','General','छोटे याचा विरुद्ध शब्द लिहा.','मोठे','2026-01-10 08:30:58'),(72,16,'MARATHI','General','खुश याचा विरुद्ध शब्द लिहा.','दुःखी','2026-01-10 08:30:58'),(73,16,'MARATHI','General','लहान याचा विरुद्ध शब्द लिहा.','मोठे','2026-01-10 08:30:58'),(74,16,'MARATHI','General','कोवळे याचा विरुद्ध शब्द लिहा.','कडक','2026-01-10 08:30:58'),(75,16,'MARATHI','General','ओले याचा विरुद्ध शब्द लिहा.','कोरडे','2026-01-10 08:30:58'),(76,77,'SOCIAL STUDIES','General','Which civilisation was the earliest in the Indian subcontinent?','Indus Valley Civilisation','2026-01-14 19:55:12'),(77,77,'SOCIAL STUDIES','General','Which river is associated with the Indus Valley Civilisation?','River Indus','2026-01-14 19:55:12'),(78,77,'SOCIAL STUDIES','General','In which decade was the Indus Valley Civilisation discovered?','1920s','2026-01-14 19:55:12'),(79,77,'SOCIAL STUDIES','General','What is another name of the Indus Valley Civilisation?','Harappan Civilisation','2026-01-14 19:55:12'),(80,77,'SOCIAL STUDIES','General','Name one important Indus Valley city.','Harappa','2026-01-14 19:55:12'),(81,77,'SOCIAL STUDIES','General','Which city had the Great Bath?','Mohenjo-daro','2026-01-14 19:55:12'),(82,77,'SOCIAL STUDIES','General','What material were houses made of?','Baked bricks','2026-01-14 19:55:12'),(83,77,'SOCIAL STUDIES','General','Name one crop grown by Indus people.','Wheat','2026-01-14 19:55:12'),(84,77,'SOCIAL STUDIES','General','What type of script did the people use?','Picture symbols','2026-01-14 19:55:12'),(85,77,'SOCIAL STUDIES','General','What did people of the Indus Valley worship?','Nature','2026-01-14 19:55:12'),(86,77,'SOCIAL STUDIES','General','The Indus Valley Civilisation flourished between ____ and ____ BCE.','2500 and 1500','2026-01-14 19:55:12'),(87,77,'SOCIAL STUDIES','General','Harappa was the first site to be _______.','discovered','2026-01-14 19:55:12'),(88,77,'SOCIAL STUDIES','General','The Great Granary was used to store _______.','food grains','2026-01-14 19:55:12'),(89,77,'SOCIAL STUDIES','General','Indus Valley cities had wide and _______ roads.','straight','2026-01-14 19:55:12'),(90,77,'SOCIAL STUDIES','General','Houses had proper covered _______.','drains','2026-01-14 19:55:12'),(91,77,'SOCIAL STUDIES','General','People grew crops like wheat, rice and _______.','barley','2026-01-14 19:55:12'),(92,77,'SOCIAL STUDIES','General','Jewellery was made using clay and _______.','metals','2026-01-14 19:55:12'),(93,77,'SOCIAL STUDIES','General','Traders travelled to other places for _______.','trade','2026-01-14 19:55:12'),(94,77,'SOCIAL STUDIES','General','People communicated using a _______ with symbols.','script','2026-01-14 19:55:12'),(95,77,'SOCIAL STUDIES','General','One possible reason for decline was deadly _______.','disease','2026-01-14 19:55:12'),(96,77,'SOCIAL STUDIES','General','The Indus Valley Civilisation developed in the north-west region. (True or False)','True','2026-01-14 19:55:12'),(97,77,'SOCIAL STUDIES','General','The houses were made of wood. (True or False)','False','2026-01-14 19:55:12'),(98,77,'SOCIAL STUDIES','General','The Great Bath was found at Mohenjo-daro. (True or False)','True','2026-01-14 19:55:12'),(99,77,'SOCIAL STUDIES','General','Indus Valley people did not practise farming. (True or False)','False','2026-01-14 19:55:12'),(100,77,'SOCIAL STUDIES','General','The roads of cities were narrow and curved. (True or False)','False','2026-01-14 19:55:12'),(101,77,'SOCIAL STUDIES','General','People used iron for jewellery. (True or False)','False','2026-01-14 19:55:12'),(102,77,'SOCIAL STUDIES','General','Granaries show food storage system. (True or False)','True','2026-01-14 19:55:12'),(103,77,'SOCIAL STUDIES','General','Indus Valley script is fully decoded. (True or False)','False','2026-01-14 19:55:12'),(104,77,'SOCIAL STUDIES','General','Floods may have caused decline of civilisation. (True or False)','True','2026-01-14 19:55:12'),(105,77,'SOCIAL STUDIES','General','People of Indus Valley worshipped nature. (True or False)','True','2026-01-14 19:55:12'),(106,77,'SOCIAL STUDIES','General','Which civilisation is also called the Harappan Civilisation?','Indus Valley Civilisation','2026-01-14 19:55:36'),(107,77,'SOCIAL STUDIES','General','Name one important port city of the Indus Valley.','Lothal','2026-01-14 19:55:36'),(108,77,'SOCIAL STUDIES','General','Which building stored food grains?','Great Granary','2026-01-14 19:55:36'),(109,77,'SOCIAL STUDIES','General','Which metal was commonly used by the Indus people?','Copper','2026-01-14 19:55:36'),(110,77,'SOCIAL STUDIES','General','Who discovered the remains of the civilisation?','Archaeologists','2026-01-14 19:55:36'),(111,77,'SOCIAL STUDIES','General','What type of society was the Indus Valley Civilisation?','Well organised society','2026-01-14 19:55:36'),(112,77,'SOCIAL STUDIES','General','Which region did the civilisation mainly spread over?','North-western Indian subcontinent','2026-01-14 19:55:36'),(113,77,'SOCIAL STUDIES','General','Mohenjo-daro is located in present day _______.','Pakistan','2026-01-14 19:55:36'),(114,77,'SOCIAL STUDIES','General','Dholavira is located in present day _______.','India','2026-01-14 19:55:36'),(115,77,'SOCIAL STUDIES','General','The houses had sufficient _______ supply.','water','2026-01-14 19:55:36'),(116,77,'SOCIAL STUDIES','General','The Great Bath was a large _______ tank.','water','2026-01-14 19:55:36'),(117,77,'SOCIAL STUDIES','General','People made seals using _______ and metals.','clay','2026-01-14 19:55:36'),(118,77,'SOCIAL STUDIES','General','Indus Valley cities had a proper _______ system.','drainage','2026-01-14 19:55:36'),(119,77,'SOCIAL STUDIES','General','People travelled to other places for _______.','trade','2026-01-14 19:55:36'),(120,77,'SOCIAL STUDIES','General','The Indus Valley Civilisation was discovered in the 1920s. (True or False)','True','2026-01-14 19:55:36'),(121,77,'SOCIAL STUDIES','General','Kalibangan is an Indus Valley city. (True or False)','True','2026-01-14 19:55:36'),(122,77,'SOCIAL STUDIES','General','People of the Indus Valley mainly depended only on hunting. (True or False)','False','2026-01-14 19:55:36'),(123,77,'SOCIAL STUDIES','General','The Great Granary was used for storing jewellery. (True or False)','False','2026-01-14 19:55:36'),(124,77,'SOCIAL STUDIES','General','The Indus Valley script used pictures and symbols. (True or False)','True','2026-01-14 19:55:36'),(125,77,'SOCIAL STUDIES','General','Floods were one possible cause of decline. (True or False)','True','2026-01-14 19:55:36'),(166,78,'SOCIAL STUDIES','General','What is government?','A group elected to run the country','2026-01-15 16:14:43'),(167,78,'SOCIAL STUDIES','General','Where is the Central Government based?','New Delhi','2026-01-15 16:14:43'),(168,78,'SOCIAL STUDIES','General','How many levels of government are there in India?','Three','2026-01-15 16:14:43'),(169,78,'SOCIAL STUDIES','General','Who is the head of the Central Government?','Prime Minister','2026-01-15 16:14:43'),(170,78,'SOCIAL STUDIES','General','How many states are there in India?','28','2026-01-15 16:14:43'),(171,78,'SOCIAL STUDIES','General','Who heads a state government?','Chief Minister','2026-01-15 16:14:43'),(172,78,'SOCIAL STUDIES','General','Who is the constitutional head of a state?','Governor','2026-01-15 16:14:43'),(173,78,'SOCIAL STUDIES','General','How many Union Territories are in India?','Eight','2026-01-15 16:14:43'),(174,78,'SOCIAL STUDIES','General','Which government handles defence?','Central government','2026-01-15 16:14:43'),(175,78,'SOCIAL STUDIES','General','Which level of government works closest to people?','Local government','2026-01-15 16:14:43'),(176,78,'SOCIAL STUDIES','General','The capital of India is ________.','New Delhi','2026-01-15 16:14:43'),(177,78,'SOCIAL STUDIES','General','India has ________ levels of government.','Three','2026-01-15 16:14:43'),(178,78,'SOCIAL STUDIES','General','The President is part of the ________ government.','Central','2026-01-15 16:14:43'),(179,78,'SOCIAL STUDIES','General','Villages are governed by ________.','Gram Panchayat','2026-01-15 16:14:43'),(180,78,'SOCIAL STUDIES','General','Cities are governed by ________.','Municipal Corporations','2026-01-15 16:14:43'),(181,78,'SOCIAL STUDIES','General','Law and order is handled by the ________ government.','State','2026-01-15 16:14:43'),(182,78,'SOCIAL STUDIES','General','Railways are managed by the ________ government.','Central','2026-01-15 16:14:43'),(183,78,'SOCIAL STUDIES','General','Cleanliness is handled by the ________ government.','Local','2026-01-15 16:14:43'),(184,78,'SOCIAL STUDIES','General','Education is mainly handled by the ________ government.','State','2026-01-15 16:14:43'),(185,78,'SOCIAL STUDIES','General','Union Territories are governed mainly by the ________ government.','Central','2026-01-15 16:14:43'),(186,78,'SOCIAL STUDIES','General','India has three levels of government. (True/False)','TRUE','2026-01-15 16:14:43'),(187,78,'SOCIAL STUDIES','General','The central government is based in New Delhi. (True/False)','TRUE','2026-01-15 16:14:43'),(188,78,'SOCIAL STUDIES','General','Each state has its own government. (True/False)','TRUE','2026-01-15 16:14:43'),(189,78,'SOCIAL STUDIES','General','Gram Panchayat is part of the central government. (True/False)','FALSE','2026-01-15 16:14:43'),(190,78,'SOCIAL STUDIES','General','Union Territories have full state governments. (True/False)','FALSE','2026-01-15 16:14:44'),(191,78,'SOCIAL STUDIES','General','Local government looks after towns and villages. (True/False)','TRUE','2026-01-15 16:14:44'),(192,78,'SOCIAL STUDIES','General','Defence is the responsibility of the state government. (True/False)','FALSE','2026-01-15 16:14:44'),(193,78,'SOCIAL STUDIES','General','The President is part of the state government. (True/False)','FALSE','2026-01-15 16:14:44'),(194,78,'SOCIAL STUDIES','General','Municipal Corporations work in cities. (True/False)','TRUE','2026-01-15 16:14:44'),(195,78,'SOCIAL STUDIES','General','Local government handles cleanliness. (True/False)','TRUE','2026-01-15 16:14:44'),(196,78,'SOCIAL STUDIES','General','Who takes decisions for the entire country?','Central government','2026-01-15 16:14:44'),(197,78,'SOCIAL STUDIES','General','Which government works in villages?','Local government','2026-01-15 16:14:44'),(198,78,'SOCIAL STUDIES','General','Which body governs villages?','Gram Panchayat','2026-01-15 16:14:44'),(199,78,'SOCIAL STUDIES','General','Which body governs cities?','Municipal Corporation','2026-01-15 16:14:44'),(200,78,'SOCIAL STUDIES','General','Who maintains armed forces?','Central government','2026-01-15 16:14:44'),(201,78,'SOCIAL STUDIES','General','Parks and roads are maintained by which government?','Local government','2026-01-15 16:14:44'),(202,78,'SOCIAL STUDIES','General','Transport in a state is handled by which government?','State government','2026-01-15 16:14:44'),(203,78,'SOCIAL STUDIES','General','Healthcare in states is managed by which government?','State government','2026-01-15 16:14:44'),(204,78,'SOCIAL STUDIES','General','Foreign trade is handled by which government?','Central government','2026-01-15 16:14:44'),(205,78,'SOCIAL STUDIES','General','Who is elected by the people of the country?','Government members','2026-01-15 16:14:44'),(206,79,'SOCIAL STUDIES','General','What are national symbols?','Special symbols chosen by a country to represent itself.','2026-01-15 18:57:23'),(207,79,'SOCIAL STUDIES','General','Which country&#039;s national symbols are we studying?','India.','2026-01-15 18:57:23'),(208,79,'SOCIAL STUDIES','General','What is the shape of the Indian National Flag?','Rectangular.','2026-01-15 18:57:23'),(209,79,'SOCIAL STUDIES','General','What is the Indian National Flag also called?','Tiranga or Tricolour.','2026-01-15 18:57:23'),(210,79,'SOCIAL STUDIES','General','Which colour is at the top of the national flag?','Saffron.','2026-01-15 18:57:23'),(211,79,'SOCIAL STUDIES','General','What does white colour on the flag represent?','Peace and truth.','2026-01-15 18:57:23'),(212,79,'SOCIAL STUDIES','General','Which colour shows growth and prosperity?','Green.','2026-01-15 18:57:23'),(213,79,'SOCIAL STUDIES','General','What is the blue wheel on the flag called?','Ashoka Chakra.','2026-01-15 18:57:23'),(214,79,'SOCIAL STUDIES','General','How many spokes are there in the Ashoka Chakra?','Twenty-four.','2026-01-15 18:57:23'),(215,79,'SOCIAL STUDIES','General','What does the Ashoka Chakra stand for?','Motion and progress.','2026-01-15 18:57:23'),(216,79,'SOCIAL STUDIES','General','The national flag of India has ___ horizontal bands.','three','2026-01-15 18:57:23'),(217,79,'SOCIAL STUDIES','General','Saffron stands for strength and ___.','courage','2026-01-15 18:57:23'),(218,79,'SOCIAL STUDIES','General','The national emblem is the seal of the ___ of India.','Government','2026-01-15 18:57:23'),(219,79,'SOCIAL STUDIES','General','Satyameva Jayate means ___ alone triumphs.','truth','2026-01-15 18:57:23'),(220,79,'SOCIAL STUDIES','General','Jana Gana Mana was written by ___.','Rabindranath Tagore','2026-01-15 18:57:23'),(221,79,'SOCIAL STUDIES','General','The national song of India is ___.','Vande Mataram','2026-01-15 18:57:23'),(222,79,'SOCIAL STUDIES','General','Vande Mataram was written by ___ Chandra Chatterjee.','Bankim','2026-01-15 18:57:23'),(223,79,'SOCIAL STUDIES','General','The national animal of India is the ___ Bengal Tiger.','Royal','2026-01-15 18:57:23'),(224,79,'SOCIAL STUDIES','General','The national bird of India is the ___.','Peacock','2026-01-15 18:57:23'),(225,79,'SOCIAL STUDIES','General','The national flower of India is the ___.','Lotus','2026-01-15 18:57:23'),(226,79,'SOCIAL STUDIES','General','(True or False)The national flag can touch the ground.','FALSE','2026-01-15 18:57:23'),(227,79,'SOCIAL STUDIES','General','(True or False)The saffron band should always be on the top.','TRUE','2026-01-15 18:57:23'),(228,79,'SOCIAL STUDIES','General','(True or False)The national emblem has four visible lions.','FALSE','2026-01-15 18:57:23'),(229,79,'SOCIAL STUDIES','General','(True or False)The national emblem comes from the Ashoka Pillar.','TRUE','2026-01-15 18:57:23'),(230,79,'SOCIAL STUDIES','General','(True or False)Jana Gana Mana was written in English.','FALSE','2026-01-15 18:57:23'),(231,79,'SOCIAL STUDIES','General','(True or False)We should stand at attention during the national anthem.','TRUE','2026-01-15 18:57:23'),(232,79,'SOCIAL STUDIES','General','(True or False)Vande Mataram inspired freedom fighters.','TRUE','2026-01-15 18:57:23'),(233,79,'SOCIAL STUDIES','General','(True or False)The national animal symbolises courage and strength.','TRUE','2026-01-15 18:57:23'),(234,79,'SOCIAL STUDIES','General','(True or False)The peacock symbolises beauty and grace.','TRUE','2026-01-15 18:57:23'),(235,79,'SOCIAL STUDIES','General','(True or False)The lotus grows only on land.','FALSE','2026-01-15 18:57:23'),(236,79,'SOCIAL STUDIES','General','Where can the national emblem be seen?','On coins, currency notes and official papers.','2026-01-15 18:57:23'),(237,79,'SOCIAL STUDIES','General','Which animal carvings are present on the emblem base?','Horse and Bull.','2026-01-15 18:57:23'),(238,79,'SOCIAL STUDIES','General','What does the horse on the emblem symbolise?','Energy and speed.','2026-01-15 18:57:23'),(239,79,'SOCIAL STUDIES','General','What does the bull on the emblem symbolise?','Right conduct.','2026-01-15 18:57:23'),(240,79,'SOCIAL STUDIES','General','In which language was Jana Gana Mana originally written?','Bengali.','2026-01-15 18:57:23'),(241,79,'SOCIAL STUDIES','General','How long does the national anthem take to play approximately?','52 seconds.','2026-01-15 18:57:23'),(242,79,'SOCIAL STUDIES','General','What quality does the tiger represent?','Strength.','2026-01-15 18:57:23'),(243,79,'SOCIAL STUDIES','General','Which bird is known for colourful feathers?','Peacock.','2026-01-15 18:57:23'),(244,79,'SOCIAL STUDIES','General','Where does the lotus grow?','In ponds and lakes.','2026-01-15 18:57:23'),(245,79,'SOCIAL STUDIES','General','National symbols help to ___ the people of India.','Unite','2026-01-15 18:57:23'),(246,81,'SOCIAL STUDIES','General','What are means of transport?','Vehicles that help us travel from one place to another.','2026-01-15 19:05:51'),(247,81,'SOCIAL STUDIES','General','How many main types of transport are there?','Three.','2026-01-15 19:05:51'),(248,81,'SOCIAL STUDIES','General','Name one type of transport.','Land transport.','2026-01-15 19:05:51'),(249,81,'SOCIAL STUDIES','General','Which transport moves on land?','Land transport.','2026-01-15 19:05:51'),(250,81,'SOCIAL STUDIES','General','Which transport moves on water?','Water transport.','2026-01-15 19:05:51'),(251,81,'SOCIAL STUDIES','General','Which transport moves in air?','Air transport.','2026-01-15 19:05:51'),(252,81,'SOCIAL STUDIES','General','Name two forms of land transport.','Road and rail.','2026-01-15 19:05:51'),(253,81,'SOCIAL STUDIES','General','Which transport is the cheapest?','Land transport.','2026-01-15 19:05:51'),(254,81,'SOCIAL STUDIES','General','Which transport is the fastest?','Air transport.','2026-01-15 19:05:51'),(255,81,'SOCIAL STUDIES','General','Which transport is the most expensive?','Air transport.','2026-01-15 19:05:51'),(256,81,'SOCIAL STUDIES','General','Vehicles that help us travel are called means of _____.','transport','2026-01-15 19:05:51'),(257,81,'SOCIAL STUDIES','General','We travel by land, water or _____.','air','2026-01-15 19:05:51'),(258,81,'SOCIAL STUDIES','General','Trains move on _____ tracks.','railway','2026-01-15 19:05:51'),(259,81,'SOCIAL STUDIES','General','Ships are used for _____ distances.','long','2026-01-15 19:05:51'),(260,81,'SOCIAL STUDIES','General','Air transport uses aeroplanes and _____.','helicopters','2026-01-15 19:05:51'),(261,81,'SOCIAL STUDIES','General','Cargo ships carry _____ loads.','heavy','2026-01-15 19:05:51'),(262,81,'SOCIAL STUDIES','General','Communication means sharing of _____ and feelings.','thoughts','2026-01-15 19:05:51'),(263,81,'SOCIAL STUDIES','General','Early humans used _____ to communicate.','gestures','2026-01-15 19:05:51'),(264,81,'SOCIAL STUDIES','General','Postal service is the _____ means of communication.','cheapest','2026-01-15 19:05:51'),(265,81,'SOCIAL STUDIES','General','Internet connects computers all over the _____.','world','2026-01-15 19:05:51'),(266,81,'SOCIAL STUDIES','General','(True or False) Bicycles are a means of land transport.','TRUE','2026-01-15 19:05:51'),(267,81,'SOCIAL STUDIES','General','(True or False) Ships travel on roads.','FALSE','2026-01-15 19:05:51'),(268,81,'SOCIAL STUDIES','General','(True or False) Trains are used to carry goods and passengers.','TRUE','2026-01-15 19:05:51'),(269,81,'SOCIAL STUDIES','General','(True or False) Air transport is slow.','FALSE','2026-01-15 19:05:51'),(270,81,'SOCIAL STUDIES','General','(True or False) Boats are a means of water transport.','TRUE','2026-01-15 19:05:51'),(271,81,'SOCIAL STUDIES','General','(True or False) Communication means travelling.','FALSE','2026-01-15 19:05:51'),(272,81,'SOCIAL STUDIES','General','(True or False) Mobile phones are used for communication.','TRUE','2026-01-15 19:05:51'),(273,81,'SOCIAL STUDIES','General','(True or False) Postal service is the newest method.','FALSE','2026-01-15 19:05:51'),(274,81,'SOCIAL STUDIES','General','(True or False) Television is a means of mass communication.','TRUE','2026-01-15 19:05:51'),(275,81,'SOCIAL STUDIES','General','(True or False) Internet is used only for games.','FALSE','2026-01-15 19:05:51'),(276,81,'SOCIAL STUDIES','General','What is communication?','Sharing or exchanging thoughts and feelings.','2026-01-15 19:05:51'),(277,81,'SOCIAL STUDIES','General','Name one means of water transport.','Boat.','2026-01-15 19:05:51'),(278,81,'SOCIAL STUDIES','General','Name one means of air transport.','Aeroplane.','2026-01-15 19:05:51'),(279,81,'SOCIAL STUDIES','General','Which transport is used to travel to other countries by sea?','Ship.','2026-01-15 19:05:51'),(280,81,'SOCIAL STUDIES','General','Which transport carries heavy loads on roads?','Trucks.','2026-01-15 19:05:51'),(281,81,'SOCIAL STUDIES','General','Which train carries goods?','Goods train.','2026-01-15 19:05:51'),(282,81,'SOCIAL STUDIES','General','Which train carries passengers?','Passenger train.','2026-01-15 19:05:51'),(283,81,'SOCIAL STUDIES','General','What is personal communication?','Communication with one or few people.','2026-01-15 19:05:51'),(284,81,'SOCIAL STUDIES','General','What is mass communication?','Communication with many people at the same time.','2026-01-15 19:05:51'),(285,81,'SOCIAL STUDIES','General','Name one means of mass communication.','Television.','2026-01-15 19:05:51'),(286,82,'SOCIAL STUDIES','General','What is an occupation?','Any work done to earn money.','2026-01-15 19:07:47'),(287,82,'SOCIAL STUDIES','General','Which two factors decide an occupation?','Skills and education.','2026-01-15 19:07:47'),(288,82,'SOCIAL STUDIES','General','What is the main occupation of village people?','Farming.','2026-01-15 19:07:47'),(289,82,'SOCIAL STUDIES','General','What are the two activities in farming?','Growing crops and rearing animals.','2026-01-15 19:07:47'),(290,82,'SOCIAL STUDIES','General','Name one crop grown by farmers.','Wheat.','2026-01-15 19:07:47'),(291,82,'SOCIAL STUDIES','General','What is dairy farming?','Keeping animals to get milk and other products.','2026-01-15 19:07:47'),(292,82,'SOCIAL STUDIES','General','What is poultry farming?','Rearing birds for eggs and meat.','2026-01-15 19:07:47'),(293,82,'SOCIAL STUDIES','General','What is fishing?','Catching fish.','2026-01-15 19:07:47'),(294,82,'SOCIAL STUDIES','General','Which areas mostly practise fishing?','Coastal areas.','2026-01-15 19:07:47'),(295,82,'SOCIAL STUDIES','General','What is forestry?','Collecting products from forests.','2026-01-15 19:07:47'),(296,82,'SOCIAL STUDIES','General','Fill in the blank: Any work done to earn money is called an ____.','occupation','2026-01-15 19:07:47'),(297,82,'SOCIAL STUDIES','General','Fill in the blank: Farming is the main occupation in ____.','villages','2026-01-15 19:07:47'),(298,82,'SOCIAL STUDIES','General','Fill in the blank: Fishing is the main occupation near ____ areas.','coastal','2026-01-15 19:07:47'),(299,82,'SOCIAL STUDIES','General','Fill in the blank: People collect wood, gum and honey from ____.','forests','2026-01-15 19:07:47'),(300,82,'SOCIAL STUDIES','General','Fill in the blank: The process of getting minerals from the ground is called ____.','mining','2026-01-15 19:07:47'),(301,82,'SOCIAL STUDIES','General','Fill in the blank: Iron and coal are ____.','minerals','2026-01-15 19:07:47'),(302,82,'SOCIAL STUDIES','General','Fill in the blank: A factory converts ____ into useful products.','raw materials','2026-01-15 19:07:47'),(303,82,'SOCIAL STUDIES','General','Fill in the blank: Owners of shops are called ____.','businessmen','2026-01-15 19:07:47'),(304,82,'SOCIAL STUDIES','General','Fill in the blank: Doctors work in ____.','hospitals','2026-01-15 19:07:47'),(305,82,'SOCIAL STUDIES','General','Fill in the blank: Pottery making is an occupation of ____ workers.','skilled','2026-01-15 19:07:47'),(306,82,'SOCIAL STUDIES','General','True or False: Farming includes growing crops only.','False','2026-01-15 19:07:47'),(307,82,'SOCIAL STUDIES','General','True or False: Dairy farming gives milk.','True','2026-01-15 19:07:47'),(308,82,'SOCIAL STUDIES','General','True or False: Poultry farms keep hens and ducks.','True','2026-01-15 19:07:47'),(309,82,'SOCIAL STUDIES','General','True or False: Fishing is done only in oceans.','False','2026-01-15 19:07:47'),(310,82,'SOCIAL STUDIES','General','True or False: Forestry is done near forest areas.','True','2026-01-15 19:07:47'),(311,82,'SOCIAL STUDIES','General','True or False: Mining is done to get minerals.','True','2026-01-15 19:07:47'),(312,82,'SOCIAL STUDIES','General','True or False: Land with minerals has no occupation.','False','2026-01-15 19:07:47'),(313,82,'SOCIAL STUDIES','General','True or False: Factories are common in cities.','True','2026-01-15 19:07:47'),(314,82,'SOCIAL STUDIES','General','True or False: Businessmen run shops and factories.','True','2026-01-15 19:07:47'),(315,82,'SOCIAL STUDIES','General','True or False: Skilled workers need special skills.','True','2026-01-15 19:07:47'),(316,82,'SOCIAL STUDIES','General','Name one mineral.','Coal.','2026-01-15 19:07:47'),(317,82,'SOCIAL STUDIES','General','Who are fishermen?','People who catch fish.','2026-01-15 19:07:47'),(318,82,'SOCIAL STUDIES','General','Who are dairy farmers?','People who keep animals for milk.','2026-01-15 19:07:47'),(319,82,'SOCIAL STUDIES','General','What do mines provide?','Minerals.','2026-01-15 19:07:47'),(320,82,'SOCIAL STUDIES','General','Which occupation gives eggs?','Poultry farming.','2026-01-15 19:07:47'),(321,82,'SOCIAL STUDIES','General','Which occupation uses forests?','Forestry.','2026-01-15 19:07:47'),(322,82,'SOCIAL STUDIES','General','Which occupation converts raw materials?','Factory work.','2026-01-15 19:07:47'),(323,82,'SOCIAL STUDIES','General','Which occupation needs special skills?','Skilled work.','2026-01-15 19:07:47'),(324,82,'SOCIAL STUDIES','General','Which occupation depends on animals?','Dairy farming.','2026-01-15 19:07:47'),(325,82,'SOCIAL STUDIES','General','Occupations help people to ____.','earn money','2026-01-15 19:07:48'),(326,83,'SOCIAL STUDIES','General','What is environment?','Everything around us.','2026-01-15 19:09:28'),(327,83,'SOCIAL STUDIES','General','Name two parts of environment.','Living and non-living things.','2026-01-15 19:09:28'),(328,83,'SOCIAL STUDIES','General','Give one example of a living thing.','Plant.','2026-01-15 19:09:28'),(329,83,'SOCIAL STUDIES','General','Give one example of a non-living thing.','Air.','2026-01-15 19:09:28'),(330,83,'SOCIAL STUDIES','General','What is pollution?','Dirtying of the environment.','2026-01-15 19:09:28'),(331,83,'SOCIAL STUDIES','General','What are pollutants?','Harmful substances causing pollution.','2026-01-15 19:09:28'),(332,83,'SOCIAL STUDIES','General','Name one type of pollution.','Air pollution.','2026-01-15 19:09:28'),(333,83,'SOCIAL STUDIES','General','Which gas is needed for breathing?','Air.','2026-01-15 19:09:28'),(334,83,'SOCIAL STUDIES','General','What is the main source of water on earth?','Rain.','2026-01-15 19:09:28'),(335,83,'SOCIAL STUDIES','General','What do we call unpleasant loud sound?','Noise.','2026-01-15 19:09:28'),(336,83,'SOCIAL STUDIES','General','Everything around us is called ____.','environment','2026-01-15 19:09:28'),(337,83,'SOCIAL STUDIES','General','Plants and animals are ____ things.','living','2026-01-15 19:09:28'),(338,83,'SOCIAL STUDIES','General','Smoke from vehicles causes ____ pollution.','air','2026-01-15 19:09:28'),(339,83,'SOCIAL STUDIES','General','Dumping waste in water causes ____ pollution.','water','2026-01-15 19:09:28'),(340,83,'SOCIAL STUDIES','General','Loud sound causes ____ pollution.','noise','2026-01-15 19:09:28'),(341,83,'SOCIAL STUDIES','General','Dumping garbage on land causes ____ pollution.','land','2026-01-15 19:09:28'),(342,83,'SOCIAL STUDIES','General','Harmful substances are called ____.','pollutants','2026-01-15 19:09:28'),(343,83,'SOCIAL STUDIES','General','Rain fills rivers, lakes and ____.','ponds','2026-01-15 19:09:28'),(344,83,'SOCIAL STUDIES','General','Bursting crackers causes air and ____ pollution.','noise','2026-01-15 19:09:28'),(345,83,'SOCIAL STUDIES','General','Using cloth bags helps save the ____.','environment','2026-01-15 19:09:28'),(346,83,'SOCIAL STUDIES','General','(True or False) Air pollution affects breathing.','TRUE','2026-01-15 19:09:28'),(347,83,'SOCIAL STUDIES','General','(True or False) Clean water keeps us healthy.','TRUE','2026-01-15 19:09:28'),(348,83,'SOCIAL STUDIES','General','(True or False) Noise pollution is pleasant.','FALSE','2026-01-15 19:09:28'),(349,83,'SOCIAL STUDIES','General','(True or False) Land pollution attracts flies and rats.','TRUE','2026-01-15 19:09:28'),(350,83,'SOCIAL STUDIES','General','(True or False) Pollution makes environment clean.','FALSE','2026-01-15 19:09:28'),(351,83,'SOCIAL STUDIES','General','(True or False) Trees help reduce pollution.','TRUE','2026-01-15 19:09:28'),(352,83,'SOCIAL STUDIES','General','(True or False) Vehicles do not cause pollution.','FALSE','2026-01-15 19:09:28'),(353,83,'SOCIAL STUDIES','General','(True or False) Water pollution harms aquatic life.','TRUE','2026-01-15 19:09:28'),(354,83,'SOCIAL STUDIES','General','(True or False) Plastic bags are eco‑friendly.','FALSE','2026-01-15 19:09:28'),(355,83,'SOCIAL STUDIES','General','(True or False) Environment includes only living things.','FALSE','2026-01-15 19:09:28'),(356,83,'SOCIAL STUDIES','General','Name one effect of air pollution.','Breathing problems.','2026-01-15 19:09:28'),(357,83,'SOCIAL STUDIES','General','Which disease is caused by polluted water?','Cholera.','2026-01-15 19:09:28'),(358,83,'SOCIAL STUDIES','General','Name one cause of noise pollution.','Honking of horns.','2026-01-15 19:09:28'),(359,83,'SOCIAL STUDIES','General','Name one cause of land pollution.','Throwing garbage.','2026-01-15 19:09:28'),(360,83,'SOCIAL STUDIES','General','Which pollution disturbs sleep?','Noise pollution.','2026-01-15 19:09:28'),(361,83,'SOCIAL STUDIES','General','What attracts mosquitoes and flies?','Dirty surroundings.','2026-01-15 19:09:28'),(362,83,'SOCIAL STUDIES','General','Which material should be avoided to save environment?','Plastic.','2026-01-15 19:09:28'),(363,83,'SOCIAL STUDIES','General','Name one environment‑friendly bag.','Jute bag.','2026-01-15 19:09:28'),(364,83,'SOCIAL STUDIES','General','What should we plant more to save environment?','Trees.','2026-01-15 19:09:28'),(365,83,'SOCIAL STUDIES','General','Saving environment gives us a ____ life.','Healthy','2026-01-15 19:09:28'),(366,80,'SOCIAL STUDIES','General','Who is called the Father of the Nation of India?','Mahatma Gandhi','2026-01-15 19:13:13'),(367,80,'SOCIAL STUDIES','General','What was Mahatma Gandhi&#039;s full name?','Mohandas Karamchand Gandhi','2026-01-15 19:13:13'),(368,80,'SOCIAL STUDIES','General','Where was Mahatma Gandhi born?','Porbandar, Gujarat','2026-01-15 19:13:13'),(369,80,'SOCIAL STUDIES','General','When was Mahatma Gandhi born?','2 October 1869','2026-01-15 19:13:13'),(370,80,'SOCIAL STUDIES','General','Which movement was started by Gandhiji based on truth and non-violence?','Satyagraha','2026-01-15 19:13:13'),(371,80,'SOCIAL STUDIES','General','Who gave Gandhiji the title &#039;Mahatma&#039;?','Rabindranath Tagore','2026-01-15 19:13:13'),(372,80,'SOCIAL STUDIES','General','Who was the first Prime Minister of India?','Pandit Jawaharlal Nehru','2026-01-15 19:13:13'),(373,80,'SOCIAL STUDIES','General','When was Jawaharlal Nehru born?','14 November 1889','2026-01-15 19:13:13'),(374,80,'SOCIAL STUDIES','General','What was Jawaharlal Nehru lovingly called by children?','Chacha Nehru','2026-01-15 19:13:13'),(375,80,'SOCIAL STUDIES','General','Who is known as the Iron Man of India?','Sardar Vallabhbhai Patel','2026-01-15 19:13:13'),(376,80,'SOCIAL STUDIES','General','Mahatma Gandhi was born on ___ October 1869.','2','2026-01-15 19:13:13'),(377,80,'SOCIAL STUDIES','General','Gandhiji fought using truth and ___.','non-violence','2026-01-15 19:13:13'),(378,80,'SOCIAL STUDIES','General','Gandhiji first went to ___ Africa.','South','2026-01-15 19:13:13'),(379,80,'SOCIAL STUDIES','General','Jawaharlal Nehru was born in ___ Pradesh.','Uttar','2026-01-15 19:13:13'),(380,80,'SOCIAL STUDIES','General','Jawaharlal Nehru joined the Indian National ___.','Congress','2026-01-15 19:13:13'),(381,80,'SOCIAL STUDIES','General','Children&#039;s Day is celebrated on ___ November.','14','2026-01-15 19:13:13'),(382,80,'SOCIAL STUDIES','General','Sardar Patel was born in ___, Gujarat.','Nadiad','2026-01-15 19:13:13'),(383,80,'SOCIAL STUDIES','General','Sardar Patel became the first ___ Minister of India.','Deputy Prime','2026-01-15 19:13:13'),(384,80,'SOCIAL STUDIES','General','The Statue of ___ is dedicated to Sardar Patel.','Unity','2026-01-15 19:13:13'),(385,80,'SOCIAL STUDIES','General','Sardar Patel united the ___ states of India.','princely','2026-01-15 19:13:13'),(386,80,'SOCIAL STUDIES','General','(True or False)Mahatma Gandhi studied law in England.','TRUE','2026-01-15 19:13:13'),(387,80,'SOCIAL STUDIES','General','(True or False) Gandhiji followed the path of violence.','FALSE','2026-01-15 19:13:13'),(388,80,'SOCIAL STUDIES','General','(True or False) Gandhi Jayanti is celebrated on 14 November.','FALSE','2026-01-15 19:13:13'),(389,80,'SOCIAL STUDIES','General','(True or False) Pandit Nehru was the first Prime Minister of India.','TRUE','2026-01-15 19:13:13'),(390,80,'SOCIAL STUDIES','General','(True or False) Jawaharlal Nehru loved children.','TRUE','2026-01-15 19:13:13'),(391,80,'SOCIAL STUDIES','General','(True or False) Children&#039;s Day is celebrated on 2 October.','FALSE','2026-01-15 19:13:13'),(392,80,'SOCIAL STUDIES','General','(True or False) Sardar Vallabhbhai Patel joined the freedom struggle.','TRUE','2026-01-15 19:13:13'),(393,80,'SOCIAL STUDIES','General','(True or False) Sardar Patel was known as the Iron Man of India.','TRUE','2026-01-15 19:13:13'),(394,80,'SOCIAL STUDIES','General','(True or False) The Statue of Unity is located in Gujarat.','TRUE','2026-01-15 19:13:13'),(395,80,'SOCIAL STUDIES','General','(True or False) Sardar Patel did not study law.','FALSE','2026-01-15 19:13:13'),(396,80,'SOCIAL STUDIES','General','Which country ruled India during the freedom struggle?','Britain','2026-01-15 19:13:13'),(397,80,'SOCIAL STUDIES','General','Where did Gandhiji practise law after studies?','South Africa','2026-01-15 19:13:13'),(398,80,'SOCIAL STUDIES','General','Which leader joined Gandhiji in the freedom movement early?','Jawaharlal Nehru','2026-01-15 19:13:13'),(399,80,'SOCIAL STUDIES','General','Which colour rose did Jawaharlal Nehru wear?','Red','2026-01-15 19:13:13'),(400,80,'SOCIAL STUDIES','General','Which post did Sardar Patel hold in free India?','Home Minister','2026-01-15 19:13:13'),(401,80,'SOCIAL STUDIES','General','Which leader worked to unite India?','Sardar Vallabhbhai Patel','2026-01-15 19:13:13'),(402,80,'SOCIAL STUDIES','General','Which day is celebrated as Gandhi Jayanti?','2-Oct','2026-01-15 19:13:13'),(403,80,'SOCIAL STUDIES','General','Jawaharlal Nehru studied which subject?','Law','2026-01-15 19:13:13'),(404,80,'SOCIAL STUDIES','General','Which leader inspired Indians with simplicity?','Mahatma Gandhi','2026-01-15 19:13:13'),(405,80,'SOCIAL STUDIES','General','Great leaders guide people in the ___ direction.','right','2026-01-15 19:13:13');
/*!40000 ALTER TABLE `flashcards` ENABLE KEYS */;
UNLOCK TABLES;

--
-- Table structure for table `maths_scores`
--

DROP TABLE IF EXISTS `maths_scores`;
/*!40101 SET @saved_cs_client     = @@character_set_client */;
/*!40101 SET character_set_client = utf8 */;
CREATE TABLE `maths_scores` (
  `score_id` int(11) NOT NULL AUTO_INCREMENT,
  `user_id` int(11) NOT NULL,
  `score` int(11) NOT NULL,
  `created_at` timestamp NOT NULL DEFAULT current_timestamp(),
  PRIMARY KEY (`score_id`),
  KEY `idx_user_id` (`user_id`),
  KEY `idx_score` (`score`)
) ENGINE=InnoDB DEFAULT CHARSET=utf8mb4 COLLATE=utf8mb4_unicode_ci;
/*!40101 SET character_set_client = @saved_cs_client */;

--
-- Dumping data for table `maths_scores`
--

LOCK TABLES `maths_scores` WRITE;
/*!40000 ALTER TABLE `maths_scores` DISABLE KEYS */;
/*!40000 ALTER TABLE `maths_scores` ENABLE KEYS */;
UNLOCK TABLES;

--
-- Table structure for table `mcq_attempts`
--

DROP TABLE IF EXISTS `mcq_attempts`;
/*!40101 SET @saved_cs_client     = @@character_set_client */;
/*!40101 SET character_set_client = utf8 */;
CREATE TABLE `mcq_attempts` (
  `attempt_id` int(11) NOT NULL AUTO_INCREMENT,
  `user_id` int(11) NOT NULL,
  `mcq_id` int(11) NOT NULL,
  `chapter_id` int(11) NOT NULL,
  `selected_answer` varchar(1) DEFAULT NULL,
  `correct_answer` varchar(1) DEFAULT NULL,
  `is_correct` tinyint(1) DEFAULT NULL,
  `attempted_at` timestamp NOT NULL DEFAULT current_timestamp(),
  PRIMARY KEY (`attempt_id`),
  KEY `mcq_id` (`mcq_id`),
  KEY `chapter_id` (`chapter_id`),
  KEY `idx_user_chapter` (`user_id`,`chapter_id`),
  KEY `idx_user_mcq` (`user_id`,`mcq_id`),
  KEY `idx_correctness` (`user_id`,`chapter_id`,`is_correct`)
) ENGINE=InnoDB DEFAULT CHARSET=utf8mb4 COLLATE=utf8mb4_general_ci;
/*!40101 SET character_set_client = @saved_cs_client */;

--
-- Dumping data for table `mcq_attempts`
--

LOCK TABLES `mcq_attempts` WRITE;
/*!40000 ALTER TABLE `mcq_attempts` DISABLE KEYS */;
/*!40000 ALTER TABLE `mcq_attempts` ENABLE KEYS */;
UNLOCK TABLES;

--
-- Table structure for table `mcq_vocab_link`
--

DROP TABLE IF EXISTS `mcq_vocab_link`;
/*!40101 SET @saved_cs_client     = @@character_set_client */;
/*!40101 SET character_set_client = utf8 */;
CREATE TABLE `mcq_vocab_link` (
  `link_id` int(11) NOT NULL AUTO_INCREMENT,
  `mcq_id` int(11) NOT NULL,
  `word_id` int(11) NOT NULL,
  `relevance_score` decimal(3,2) DEFAULT 1.00 COMMENT 'How relevant the word is to the question',
  `link_type` enum('keyword','context','answer') DEFAULT 'context',
  `created_at` timestamp NOT NULL DEFAULT current_timestamp(),
  PRIMARY KEY (`link_id`),
  UNIQUE KEY `unique_mcq_word` (`mcq_id`,`word_id`),
  KEY `idx_mcq` (`mcq_id`),
  KEY `idx_word` (`word_id`)
) ENGINE=InnoDB DEFAULT CHARSET=utf8mb4 COLLATE=utf8mb4_unicode_ci;
/*!40101 SET character_set_client = @saved_cs_client */;

--
-- Dumping data for table `mcq_vocab_link`
--

LOCK TABLES `mcq_vocab_link` WRITE;
/*!40000 ALTER TABLE `mcq_vocab_link` DISABLE KEYS */;
/*!40000 ALTER TABLE `mcq_vocab_link` ENABLE KEYS */;
UNLOCK TABLES;

--
-- Table structure for table `mcqs`
--

DROP TABLE IF EXISTS `mcqs`;
/*!40101 SET @saved_cs_client     = @@character_set_client */;
/*!40101 SET character_set_client = utf8 */;
CREATE TABLE `mcqs` (
  `mcq_id` int(11) NOT NULL AUTO_INCREMENT,
  `chapter_id` int(11) NOT NULL,
  `question` text NOT NULL,
  `option_a` text NOT NULL,
  `option_b` text NOT NULL,
  `option_c` text NOT NULL,
  `option_d` text NOT NULL,
  `correct_answer` enum('a','b','c','d') NOT NULL,
  `explanation` text DEFAULT NULL,
  `difficulty` enum('easy','medium','hard') DEFAULT 'medium',
  `created_at` timestamp NOT NULL DEFAULT current_timestamp(),
  PRIMARY KEY (`mcq_id`),
  KEY `idx_chapter_id` (`chapter_id`),
  KEY `idx_difficulty` (`difficulty`),
  KEY `idx_mcq_chapter` (`chapter_id`)
) ENGINE=InnoDB AUTO_INCREMENT=480 DEFAULT CHARSET=utf8mb4 COLLATE=utf8mb4_unicode_ci;
/*!40101 SET character_set_client = @saved_cs_client */;

--
-- Dumping data for table `mcqs`
--

LOCK TABLES `mcqs` WRITE;
/*!40000 ALTER TABLE `mcqs` DISABLE KEYS */;
INSERT INTO `mcqs` VALUES (1,1,'Which of the following is a rational number?','???2','??','0.5','???3','c','0.5 can be expressed as 1/2, which is a ratio of integers','easy','2025-11-29 12:47:04'),(2,1,'The decimal expansion of 22/7 is:','Terminating','Non-terminating and repeating','Non-terminating and non-repeating','None of these','b','22/7 is a rational number with non-terminating repeating decimal','medium','2025-11-29 12:47:04'),(3,1,'Which is an irrational number?','0.333...','???16','???5','7/3','c','???5 cannot be expressed as a ratio of integers','easy','2025-11-29 12:47:04'),(4,1,'The product of a non-zero rational and an irrational number is:','Always rational','Always irrational','Can be rational or irrational','Always zero','b','Product of rational and irrational is always irrational','medium','2025-11-29 12:47:04'),(5,1,'HCF of 26 and 91 is:','13','26','91','1','a','26 = 2 ?? 13, 91 = 7 ?? 13, so HCF is 13','easy','2025-11-29 12:47:04'),(6,2,'The degree of polynomial 5x?? + 4x?? + 7x is:','1','2','3','7','c','The highest power of x is 3','easy','2025-11-29 12:47:04'),(7,2,'A polynomial of degree 2 is called:','Linear','Quadratic','Cubic','Biquadratic','b','Degree 2 polynomial is quadratic','easy','2025-11-29 12:47:04'),(8,2,'Zero of polynomial p(x) = 2x + 5 is:','-5/2','5/2','-2/5','2/5','a','Set 2x + 5 = 0, then x = -5/2','medium','2025-11-29 12:47:04'),(9,9,'Which word is a noun?','Run','Apple','Quickly','Blue','b','','medium','2025-11-30 02:32:26'),(10,9,'A noun is a ___','Name of a person, place, or thing','Describing word','Action word','Sound word','a','','medium','2025-11-30 02:32:26'),(11,9,'Which of these is a place noun?','Dog','Park','Jump','Red','b','','medium','2025-11-30 02:32:26'),(12,9,'Which word is a person noun?','Teacher','Running','Happy','Slowly','a','','medium','2025-11-30 02:32:26'),(13,9,'Which of these is a thing noun?','Laugh','Table','Bright','Swim','b','','medium','2025-11-30 02:32:26'),(14,9,'What type of noun is &#039;India&#039;?','Common noun','Proper noun','Action noun','Sound noun','b','','medium','2025-11-30 02:32:26'),(15,9,'Which noun is in this sentence: &#039;The cat sleeps.&#039;','Sleeps','The','Cat','None','c','','medium','2025-11-30 02:32:26'),(16,9,'Which word is NOT a noun?','City','Dance','Girl','Book','b','','medium','2025-11-30 02:32:26'),(17,9,'Which is a proper noun?','Boy','River','Ravi','Car','c','','medium','2025-11-30 02:32:26'),(18,9,'Which noun refers to an animal?','Elephant','Delhi','Chair','Blue','a','','medium','2025-11-30 02:32:26'),(23,10,'Choose the correct form of the verb: I _____ to school every day.','go','goes','going','gone','a','','easy','2025-12-01 13:10:08'),(24,10,'Choose the correct verb: She _____ a book right now.','read','reads','is reading','reading','c','','medium','2025-12-01 13:10:08'),(25,10,'Select the past tense of &#039;eat&#039;.','eated','ate','eaten','eats','b','','medium','2025-12-01 13:10:08'),(26,10,'Fill in the blank: They _____ playing football yesterday.','is','are','were','was','c','','medium','2025-12-01 13:10:08'),(27,10,'Choose the correct infinitive: He wants _____ a doctor.','become','became','becoming','becomes','a','','medium','2025-12-01 13:10:08'),(28,10,'Pick the correct form: I have _____ my homework.','do','did','done','doing','c','','medium','2025-12-01 13:10:08'),(29,10,'Select the present continuous form: She _____ dinner now.','cook','cooks','is cooking','cooked','c','','medium','2025-12-01 13:10:08'),(30,10,'Choose the correct verb: We _____ to the party tomorrow.','go','went','will go','gone','c','','medium','2025-12-01 13:10:08'),(31,10,'Pick the correct past participle of &#039;write&#039;.','write','wrote','written','writing','c','','medium','2025-12-01 13:10:08'),(32,10,'Choose the correct auxiliary: _____ you like tea?','Do','Does','Did','Doing','a','','medium','2025-12-01 13:10:08'),(33,10,'Fill in the blank: He _____ the piano when he was young.','play','plays','played','playing','c','','medium','2025-12-01 13:10:08'),(34,10,'Select the correct verb: The cake _____ delicious.','is','are','was','were','a','','medium','2025-12-01 13:10:08'),(35,10,'Choose the correct form: I _____ my keys yesterday.','lose','lost','have lost','losing','b','','medium','2025-12-01 13:10:08'),(36,10,'Pick the correct verb: Birds _____ in the sky.','fly','flies','flew','flown','a','','medium','2025-12-01 13:10:08'),(37,10,'Choose the correct continuous tense: They _____ for the bus now.','wait','waits','are waiting','were waiting','c','','medium','2025-12-01 13:10:08'),(38,10,'Select the correct modal: You _____ finish your work.','must','might','will','am','a','','medium','2025-12-01 13:10:08'),(39,10,'Fill in the blank: She _____ to music every evening.','listen','listens','listened','listening','b','','medium','2025-12-01 13:10:08'),(40,10,'Choose the correct verb: He _____ a letter yesterday.','write','wrote','writes','written','b','','medium','2025-12-01 13:10:08'),(41,10,'Pick the correct past tense: I _____ a movie last night.','watch','watched','watches','watching','b','','medium','2025-12-01 13:10:08'),(42,10,'Select correct form: The sun _____ in the east.','rise','rises','rose','rising','b','','medium','2025-12-01 13:10:08'),(43,12,'Which word is a noun?','Run','Blue','Boy','Quickly','c','','medium','2025-12-19 00:06:24'),(44,12,'A noun is the name of a ________.','Action','Person, place, animal, or thing','Quality','Sound','b','','medium','2025-12-19 00:06:24'),(45,12,'Which of the following is a noun?','Happy','Jump','School','Fast','c','','medium','2025-12-19 00:06:24'),(46,12,'Which word names an animal?','Chair','Lion','Pencil','Book','b','','medium','2025-12-19 00:06:24'),(47,12,'Which word is the name of a place?','City','Run','Red','Tall','a','','medium','2025-12-19 00:06:24'),(48,12,'Identify the noun in the sentence: The cat is sleeping.','Sleeping','Is','The','Cat','d','','medium','2025-12-19 00:06:25'),(49,12,'Which of the following is a thing?','Teacher','Delhi','Pen','Cow','c','','medium','2025-12-19 00:06:25'),(50,12,'Which word is NOT a noun?','Apple','Girl','Play','Dog','c','','medium','2025-12-19 00:06:25'),(51,12,'Which word names a person?','Doctor','Park','Table','Ball','a','','medium','2025-12-19 00:06:25'),(52,12,'Which of the following is a noun?','Sing','Sweet','River','Slowly','c','','medium','2025-12-19 00:06:25'),(53,12,'Identify the noun in the sentence: Rahul has a book.','Has','A','Book','Has a','c','','medium','2025-12-19 00:06:25'),(54,12,'Which word is the name of a place?','Teacher','School','Pencil','Dog','b','','medium','2025-12-19 00:06:25'),(55,12,'Which of these words is a noun?','Run','Beautiful','Car','Fast','c','','medium','2025-12-19 00:06:25'),(56,12,'Which word names an object?','Chair','Sleep','Laugh','Eat','a','','medium','2025-12-19 00:06:25'),(57,12,'Identify the noun in the sentence: The boy plays football.','Plays','Football','The','Plays football','b','','medium','2025-12-19 00:06:25'),(58,12,'Which word is a noun?','Hot','Drink','Bottle','Quickly','c','','medium','2025-12-19 00:06:25'),(59,12,'Which of the following is a noun?','Jumping','Tall','Mother','Slowly','c','','medium','2025-12-19 00:06:25'),(60,12,'Which word names an animal?','Horse','Table','Chair','Pen','a','','medium','2025-12-19 00:06:25'),(61,12,'Which word is NOT a noun?','City','River','Blue','Teacher','c','','medium','2025-12-19 00:06:25'),(62,12,'Which of the following is a noun?','Write','House','Clean','Fast','b','','medium','2025-12-19 00:06:25'),(63,11,'Choose the correct form of the verb: I _____ to school every day.','go','goes','going','gone','b','','medium','2025-12-19 00:06:49'),(64,11,'Choose the correct verb: She _____ a book right now.','read','reads','is reading','reading','c','','medium','2025-12-19 00:06:49'),(65,11,'Select the past tense of &#039;eat&#039;.','eated','ate','eaten','eats','b','','medium','2025-12-19 00:06:49'),(66,11,'Fill in the blank: They _____ playing football yesterday.','is','are','were','was','c','','medium','2025-12-19 00:06:49'),(67,11,'Choose the correct infinitive: He wants _____ a doctor.','become','became','becoming','becomes','a','','medium','2025-12-19 00:06:49'),(68,11,'Pick the correct form: I have _____ my homework.','do','did','done','doing','d','','medium','2025-12-19 00:06:49'),(69,11,'Select the present continuous form: She _____ dinner now.','cook','cooks','is cooking','cooked','c','','medium','2025-12-19 00:06:49'),(70,11,'Choose the correct verb: We _____ to the party tomorrow.','go','went','will go','gone','c','','medium','2025-12-19 00:06:49'),(71,11,'Pick the correct past participle of &#039;write&#039;.','write','wrote','written','writing','b','','medium','2025-12-19 00:06:49'),(72,11,'Choose the correct auxiliary: _____ you like tea?','Do','Does','Did','Doing','a','','medium','2025-12-19 00:06:49'),(73,11,'Fill in the blank: He _____ the piano when he was young.','play','plays','played','playing','b','','medium','2025-12-19 00:06:49'),(74,11,'Select the correct verb: The cake _____ delicious.','is','are','was','were','a','','medium','2025-12-19 00:06:49'),(75,11,'Choose the correct form: I _____ my keys yesterday.','lose','lost','have lost','losing','b','','medium','2025-12-19 00:06:49'),(76,11,'Pick the correct verb: Birds _____ in the sky.','fly','flies','flew','flown','a','','medium','2025-12-19 00:06:49'),(77,11,'Choose the correct continuous tense: They _____ for the bus now.','wait','waits','are waiting','were waiting','c','','medium','2025-12-19 00:06:49'),(78,11,'Select the correct modal: You _____ finish your work.','must','might','will','am','a','','medium','2025-12-19 00:06:49'),(79,11,'Fill in the blank: She _____ to music every evening.','listen','listens','listened','listening','b','','medium','2025-12-19 00:06:49'),(80,11,'Choose the correct verb: He _____ a letter yesterday.','write','wrote','writes','written','b','','medium','2025-12-19 00:06:49'),(81,11,'Pick the correct past tense: I _____ a movie last night.','watch','watched','watches','watching','b','','medium','2025-12-19 00:06:49'),(82,11,'Select correct form: The sun _____ in the east.','rise','rises','rose','rising','b','','medium','2025-12-19 00:06:49'),(83,15,'Early humans searched for food, water, and shelter because they lived a:','Comfortable life','Nomadic life','Modern life','City life','b','Early humans moved from place to place in search of basic needs, so their life was nomadic.','medium','2026-01-04 14:44:17'),(84,15,'Which place provided natural shelter to early humans?','Houses','Flats','Caves','Schools','c','Caves protected early humans from wild animals and harsh weather.','medium','2026-01-04 14:44:17'),(85,15,'Early humans mostly depended on nature for:','Machines','Technology','Food and shelter','Money','c','They depended on nature for food, water, and shelter.','medium','2026-01-04 14:44:17'),(86,15,'What was the main reason early humans hunted animals?','For fun','For food','For trade','For clothes','b','Early humans hunted animals mainly to get food.','medium','2026-01-04 14:44:17'),(87,15,'Which item was NOT part of early humans’ food?','Fruits','Roots','Eggs','Packaged food','d','Packaged food did not exist in early human times.','medium','2026-01-04 14:44:17'),(88,15,'Early humans used animal skin mainly to:','Make tools','Cover their body','Build houses','Cook food','b','Animal skin was used to cover their bodies.','medium','2026-01-04 14:44:17'),(89,15,'What helped early humans dig out roots from the ground?','Fire','Sharp stones','Wheel','Hands only','b','Sharp stone tools were used to dig out roots.','medium','2026-01-04 14:44:17'),(90,15,'Why did early humans tie sharp stones to wooden sticks?','To decorate','To hunt safely','To cook food','To make fire','b','This helped them hunt animals from a distance safely.','medium','2026-01-04 14:44:17'),(91,15,'Which period of human history is known for stone tools?','Iron Age','Bronze Age','Stone Age','Modern Age','c','Stone tools were mainly used during the Stone Age.','medium','2026-01-04 14:44:17'),(92,15,'Fire helped early humans mainly by:','Making machines','Giving light and warmth','Building houses','Growing crops','b','Fire provided warmth, light, and protection.','medium','2026-01-04 14:44:17'),(93,15,'Which discovery helped humans cook meat?','Wheel','Fire','Stone tools','Farming','b','Fire made cooking meat possible.','medium','2026-01-04 14:44:17'),(94,15,'Fire also protected early humans from:','Cold weather','Wild animals','Darkness','All of these','d','Fire was useful in many ways including protection and warmth.','medium','2026-01-04 14:44:17'),(95,15,'What did early humans do with seeds before learning farming?','Stored them','Sold them','Threw them away','Cooked them','c','They threw seeds away before realising they could grow plants.','medium','2026-01-04 14:44:17'),(96,15,'Farming began when early humans noticed that seeds:','Melted','Disappeared','Grew into plants','Turned to food','c','They observed seeds growing into new plants.','medium','2026-01-04 14:44:17'),(97,15,'What does farming mainly involve?','Hunting','Trading','Growing crops','Fishing','c','Farming means growing crops for food.','medium','2026-01-04 14:44:17'),(98,15,'Which invention helped in making pottery?','Fire','Stone tools','Wheel','Farming','c','The wheel was used to make pots, known as pottery.','medium','2026-01-04 14:44:17'),(99,15,'Which object inspired the invention of the wheel?','Stone','Rolling log','River','Animal','b','A rolling log gave early humans the idea of the wheel.','medium','2026-01-04 14:44:17'),(100,15,'Why was the wheel important for early humans?','It gave light','It helped carry loads','It made fire','It grew crops','b','The wheel made carrying heavy loads easier.','medium','2026-01-04 14:44:17'),(101,15,'The invention of wheel helped humans mainly in:','Hunting','Travelling and transport','Sleeping','Cooking','b','Wheel improved movement and transport.','medium','2026-01-04 14:44:17'),(102,15,'Which activity reduced the need for constant movement?','Hunting','Nomadic life','Farming','Gathering','c','Farming allowed humans to stay in one place.','medium','2026-01-04 14:44:17'),(103,15,'Settled life means:','Moving daily','Living in one place','Living in caves only','Living in forests','b','Settled life means staying in one place.','medium','2026-01-04 14:44:17'),(104,15,'Which discovery came after stone tools?','Fire','Writing','Computers','Cities','a','Fire was discovered after the use of stone tools.','medium','2026-01-04 14:44:17'),(105,15,'Early humans improved their lives by:','Avoiding tools','Making discoveries','Living alone','Staying hungry','b','New discoveries improved early human life.','medium','2026-01-04 14:44:17'),(106,15,'Which of the following best describes early humans?','Machine users','Hunters and gatherers','City dwellers','Farm owners','b','They survived by hunting and gathering food.','medium','2026-01-04 14:44:17'),(107,15,'What kind of clothes did early humans wear?','Stitched clothes','Modern clothes','Natural coverings','Uniforms','c','They used leaves, bark, and animal skin.','medium','2026-01-04 14:44:17'),(108,15,'Which item shows early humans had creative skills?','Caves','Pottery','Hunting','Gathering','b','Pottery shows creativity and skill.','medium','2026-01-04 14:44:17'),(109,15,'Which invention helped in weaving clothes?','Fire','Wheel','Stone','Farming','b','The wheel was also used in weaving.','medium','2026-01-04 14:44:17'),(110,15,'Which of these helped in the development of civilisation?','Fire','Farming','Wheel','All of these','d','All these discoveries together developed civilisation.','medium','2026-01-04 14:44:17'),(111,15,'Why is fire considered a major discovery?','It gave food','It changed human life','It made tools','It built houses','b','Fire brought major changes in daily life.','medium','2026-01-04 14:44:17'),(112,15,'Which discovery helped humans live safely at night?','Fire','Wheel','Farming','Caves','a','Fire provided light and protection at night.','medium','2026-01-04 14:44:17'),(113,15,'Which natural material helped early humans make their first shelters?','Bricks','Branches of trees','Cement','Metal sheets','b','Early humans lived on tree branches and in caves using natural surroundings as shelter.','medium','2026-01-04 14:44:32'),(114,15,'Why did early humans not live in one place permanently?','They liked travelling','They had no food storage','They followed animals and food','They built cities','c','They moved to find food, water, and shelter.','medium','2026-01-04 14:44:32'),(115,15,'What type of tools did early humans use first?','Metal tools','Stone tools','Plastic tools','Wooden tools only','b','Stone tools were the earliest tools used by humans.','medium','2026-01-04 14:44:32'),(116,15,'What helped early humans cut meat easily?','Fire','Sharp stones','Wheel','Hands','b','Sharp stone tools were used to cut meat.','medium','2026-01-04 14:44:32'),(117,15,'Which activity shows early humans depended on animals?','Pottery','Hunting','Farming','Weaving','b','Early humans hunted animals for food.','medium','2026-01-04 14:44:32'),(118,15,'Which discovery helped humans protect themselves during winter?','Wheel','Fire','Stone tools','Caves','b','Fire helped early humans keep warm.','medium','2026-01-04 14:44:32'),(119,15,'What did early humans use fire for first?','Cooking rice','Burning leaves','Making machines','Growing crops','b','They first used fire to burn leaves using sparks.','medium','2026-01-04 14:44:32'),(120,15,'Which discovery slowly reduced hunting as the main activity?','Wheel','Fire','Farming','Pottery','c','Farming provided a regular food supply.','medium','2026-01-04 14:44:32'),(121,15,'What did early humans learn by observing plants?','Trading','Farming','Hunting','Weaving','b','They learned farming by observing seeds grow into plants.','medium','2026-01-04 14:44:32'),(122,15,'Which invention helped in carrying hunted animals easily?','Fire','Pottery','Wheel','Stone knife','c','The wheel helped transport heavy loads.','medium','2026-01-04 14:44:32'),(123,15,'What type of life did early humans live before farming?','Settled life','Nomadic life','City life','Village life','b','Before farming, humans lived a nomadic life.','medium','2026-01-04 14:44:32'),(124,15,'Which discovery helped humans stay in one place for a long time?','Fire','Stone tools','Farming','Hunting','c','Farming allowed humans to live a settled life.','medium','2026-01-04 14:44:32'),(125,15,'Which tool was made by tying stone to a stick?','Hammer','Spear','Pot','Wheel','b','Stones tied to sticks helped in hunting.','medium','2026-01-04 14:44:32'),(126,15,'Why were caves safe places for early humans?','They were comfortable','They were dark','They protected from animals','They were warm','c','Caves protected humans from wild animals.','medium','2026-01-04 14:44:32'),(127,15,'Which invention helped in making pots round in shape?','Fire','Stone','Wheel','Wood','c','The wheel helped shape pots evenly.','medium','2026-01-04 14:44:32'),(128,15,'Which activity shows early humans were creative?','Hunting','Living in caves','Pottery making','Gathering fruits','c','Pottery making shows creativity.','medium','2026-01-04 14:44:32'),(129,15,'Which discovery helped humans improve daily life the most?','Fire','Wheel','Farming','All of these','d','All discoveries together improved daily life.','medium','2026-01-04 14:44:32'),(130,15,'What kind of food did early humans cook after discovering fire?','Fruits','Roots','Meat','Seeds','c','Fire allowed early humans to cook meat.','medium','2026-01-04 14:44:32'),(131,15,'Why was fire important at night?','To sleep','To cook only','For light and safety','To farm','c','Fire gave light and protection at night.','medium','2026-01-04 14:44:32'),(132,15,'Which statement is correct about early humans?','They lived in cities','They used modern tools','They depended on nature','They wore stitched clothes','c','Early humans depended completely on nature.','medium','2026-01-04 14:44:32'),(133,16,'थेंब कुठून येऊन बसले?','जमिनीवरून','आकाशातून','नदीतून','घरातून','b','','medium','2026-01-10 08:30:27'),(134,16,'थेंब कुठे बसले होते?','मोठ्या पानांवर','छोट्या पानांवर','दगडांवर','फुलांवर','b','','medium','2026-01-10 08:30:27'),(135,16,'थेंब कसे होते?','मोठे','लहान','काळे','कोरडे','b','','medium','2026-01-10 08:30:27'),(136,16,'थेंब काय करत होते?','उडत होते','डोलत होते','धावत होते','थांबले होते','b','','medium','2026-01-10 08:30:27'),(137,16,'थेंब कशामुळे सुंदर वाटत होते?','फुलांमुळे','इंद्रधनुष्यामुळे','वाऱ्यामुळे','पाण्यामुळे','b','','medium','2026-01-10 08:30:27'),(138,16,'थेंब कुणाचे मन मोहवत होते?','मोठ्यांचे','लहान मुलांचे','शिक्षकांचे','शेतकऱ्यांचे','b','','medium','2026-01-10 08:30:27'),(139,16,'थेंब कुठे झोपी गेले?','नदीत','कोवळ्या गवतावर','आकाशात','घरात','b','','medium','2026-01-10 08:30:27'),(140,16,'थेंब कधी खुश होते?','रात्री','ढगांपासून मेघांपासून वेगळे झाल्यावर','दुपारी','संध्याकाळी','b','','medium','2026-01-10 08:30:27'),(141,16,'थेंब कशावर डोलत होते?','हवेत','वाहत्या हवेत','पाण्यात','जमिनीवर','b','','medium','2026-01-10 08:30:27'),(142,16,'थेंब कसे पानांवर बसले?','जोरात','अलगद','गडबडीत','आवाज करत','b','','medium','2026-01-10 08:30:27'),(143,16,'थेंब कशाचे वर्णन आहे?','सूर्याचे','पावसाचे','वाऱ्याचे','ढगांचे','b','','medium','2026-01-10 08:30:27'),(144,16,'थेंब कोणत्या ऋतूशी संबंधित आहेत?','हिवाळा','पावसाळा','उन्हाळा','वसंत','b','','medium','2026-01-10 08:30:27'),(145,16,'थेंब कशावर पडतात?','दगडांवर','पानांवर','घरांवर','रस्त्यावर','b','','medium','2026-01-10 08:30:27'),(146,16,'थेंब पाहून कोण खुश झाले?','शिक्षक','मुले','आई','वडील','b','','medium','2026-01-10 08:30:27'),(147,16,'थेंब कशामुळे हलत होते?','पावसामुळे','हवेमुळे','सूर्यामुळे','मातीमुळे','b','','medium','2026-01-10 08:30:27'),(148,16,'थेंब कोणत्या वेळी पडतात?','उन्हाळ्यात','पावसात','हिवाळ्यात','रात्री','b','','medium','2026-01-10 08:30:27'),(149,16,'थेंब कुठे दिसतात?','आकाशात','पानांवर','नदीत','घरात','b','','medium','2026-01-10 08:30:27'),(150,16,'थेंब कसे वाटतात?','भीतीदायक','मोहक','कंटाळवाणे','भयानक','b','','medium','2026-01-10 08:30:27'),(151,16,'थेंब कशासारखे दिसतात?','दगड','मोती','फुले','माती','b','','medium','2026-01-10 08:30:27'),(152,16,'थेंब कवितेत कसे दाखवले आहेत?','रागीट','सुंदर','आळशी','थकलेले','b','','medium','2026-01-10 08:30:27'),(153,77,'When did the Indus Valley Civilisation flourish?','2000 to 1000 BCE','2500 to 1500 BCE','1500 to 500 BCE','3000 to 2000 BCE','b','','medium','2026-01-14 19:51:48'),(154,77,'The Indus Valley Civilisation was discovered in which decade?','1910s','1920s','1930s','1940s','b','','medium','2026-01-14 19:51:48'),(155,77,'Around which river was the Indus Valley Civilisation discovered?','River Ganga','River Yamuna','River Indus','River Brahmaputra','c','','medium','2026-01-14 19:51:48'),(156,77,'Which civilisation is also called the Harappan Civilisation?','Mesopotamian','Indus Valley','Egyptian','Chinese','b','','medium','2026-01-14 19:51:48'),(157,77,'Which was the first site discovered of the Indus Valley Civilisation?','Mohenjo-daro','Dholavira','Lothal','Harappa','d','','medium','2026-01-14 19:51:48'),(158,77,'Which of the following is an important city of the Indus Valley Civilisation?','Pataliputra','Ujjain','Harappa','Varanasi','c','','medium','2026-01-14 19:51:48'),(159,77,'Which city had the Great Bath?','Harappa','Kalibangan','Lothal','Mohenjo-daro','d','','medium','2026-01-14 19:51:48'),(160,77,'The Great Bath was mainly used for','Swimming','Storage of water','Special bathing occasions','Washing clothes','c','','medium','2026-01-14 19:51:48'),(161,77,'The Great Granary was used to store','Water','Tools','Food grains','Gold','c','','medium','2026-01-14 19:51:48'),(162,77,'Houses in the Indus Valley cities were made of','Wood','Mud','Baked bricks','Stone','c','','medium','2026-01-14 19:51:48'),(163,77,'The roads of Indus Valley cities were','Narrow and curved','Wide and straight','Irregular','Circular','b','','medium','2026-01-14 19:51:48'),(164,77,'Which occupation was practised by many people of the Indus Valley?','Fishing only','Farming','Hunting only','Teaching','b','','medium','2026-01-14 19:51:48'),(165,77,'Which crops were grown by the Indus Valley people?','Maize and corn','Wheat, rice and barley','Millets only','Cotton only','b','','medium','2026-01-14 19:51:48'),(166,77,'Indus Valley people were skilled','Warriors','Craftsmen','Explorers','Sailors','b','','medium','2026-01-14 19:51:48'),(167,77,'What materials were used to make jewellery?','Plastic and glass','Wood only','Clay and metals','Stone only','c','','medium','2026-01-14 19:51:48'),(168,77,'People of the Indus Valley Civilisation worshipped','Kings','Animals only','Nature','Idols only','c','','medium','2026-01-14 19:51:48'),(169,77,'How did the Indus Valley people communicate?','Alphabet letters','Numbers','Scripts with symbols','Sign language','c','','medium','2026-01-14 19:51:48'),(170,77,'Which metal was NOT used for jewellery?','Gold','Bronze','Copper','Iron','d','','medium','2026-01-14 19:51:48'),(171,77,'One possible reason for the decline was','Overpopulation only','Deadly diseases','Foreign trade','Lack of food','b','','medium','2026-01-14 19:51:48'),(172,77,'Natural calamities responsible for decline included','Volcanoes','Floods and earthquakes','Cyclones only','Droughts only','b','','medium','2026-01-14 19:51:48'),(173,77,'Which river system supported the Indus Valley Civilisation?','Ganga river system','Indus river system','Godavari river system','Cauvery river system','b','','medium','2026-01-14 19:53:03'),(174,77,'In which region did the Indus Valley Civilisation develop?','Eastern India','Southern India','North-western Indian subcontinent','Central Asia','c','','medium','2026-01-14 19:53:03'),(175,77,'Which material was mainly used for building houses?','Stone','Wood','Baked bricks','Mud','c','','medium','2026-01-14 19:53:03'),(176,77,'What shows that Indus cities were well planned?','Irregular streets','Covered drains and straight roads','Circular houses','Wooden houses','b','','medium','2026-01-14 19:53:03'),(177,77,'Which building shows importance of cleanliness?','Great Granary','Citadel','Great Bath','Assembly hall','c','','medium','2026-01-14 19:53:03'),(178,77,'Which city is located in present-day India?','Harappa','Mohenjo-daro','Dholavira','Both a and b','c','','medium','2026-01-14 19:53:03'),(179,77,'The Harappan script is','Fully decoded','Written in Sanskrit','Still not decoded','Written in Hindi','c','','medium','2026-01-14 19:53:04'),(180,77,'What kind of clothes did the people wear?','Woollen only','Simple and colourful','Heavy armour','Leather clothes','b','','medium','2026-01-14 19:53:04'),(181,77,'Which metal was commonly used along with gold?','Iron','Aluminium','Copper','Nickel','c','','medium','2026-01-14 19:53:04'),(182,77,'What does the discovery of granaries suggest?','Love for art','Food storage system','Religious practice','Entertainment','b','','medium','2026-01-14 19:53:04'),(183,77,'Which activity shows trade practice?','Farming','Pottery','Travelling to other places','House building','c','','medium','2026-01-14 19:53:04'),(184,77,'What were seals mainly used for?','Decoration only','Religious worship','Identification and trade','Cooking','c','','medium','2026-01-14 19:53:04'),(185,77,'Which crop was NOT grown by the Indus people?','Barley','Wheat','Rice','Tea','d','','medium','2026-01-14 19:53:04'),(186,77,'What does jewellery discovery indicate?','Interest in war','Love for fashion and art','Fear of animals','Use of paper','b','','medium','2026-01-14 19:53:04'),(187,77,'Which of the following best describes Indus society?','Nomadic','Disorganised','Well organised','Forest-based','c','','medium','2026-01-14 19:53:04'),(188,77,'Which craft was common among the people?','Ship building','Jewellery making','Paper making','Glass blowing','b','','medium','2026-01-14 19:53:04'),(189,77,'What kind of drainage system existed?','Open drains','No drains','Covered drains','Stone pipes','c','','medium','2026-01-14 19:53:04'),(190,77,'Which disaster is believed to have caused decline?','Volcanic eruption','Floods','Tsunami','Meteor strike','b','','medium','2026-01-14 19:53:04'),(191,77,'Why is the exact cause of decline unknown?','No written records','Too many theories','Lack of evidence','Cities disappeared suddenly','c','','medium','2026-01-14 19:53:04'),(192,77,'Which term describes people living together in an organised way?','Tribe','Village','Civilisation','Community','c','','medium','2026-01-14 19:53:04'),(193,78,'What is meant by government?','Group of soldiers','Group of elected members','Group of judges','Group of teachers','b','','medium','2026-01-14 19:54:01'),(194,78,'Where is the Central Government of India based?','Mumbai','Kolkata','New Delhi','Chennai','c','','medium','2026-01-14 19:54:01'),(195,78,'How many levels of government are there in India?','One','Two','Three','Four','c','','medium','2026-01-14 19:54:01'),(196,78,'Which government looks after the whole country?','Local government','State government','Central government','Village government','c','','medium','2026-01-14 19:54:01'),(197,78,'Who is a part of the Central Government?','Sarpanch','Mayor','Prime Minister','Ward Member','c','','medium','2026-01-14 19:54:01'),(198,78,'Which work is done by the Central Government?','Cleaning villages','Maintaining parks','Protecting borders','Repairing local roads','c','','medium','2026-01-14 19:54:01'),(199,78,'How many states are there in India?','26','27','28','29','c','','medium','2026-01-14 19:54:01'),(200,78,'Each state government is based in its _____.','Village','Capital','District','Taluka','b','','medium','2026-01-14 19:54:01'),(201,78,'Who elects the members of the state government?','President','Governor','People of the state','Central government','c','','medium','2026-01-14 19:54:01'),(202,78,'Which is a responsibility of the state government?','Foreign trade','Defence','Education','Railways','c','','medium','2026-01-14 19:54:01'),(203,78,'Who is the head of the state government?','Prime Minister','President','Governor','Chief Minister','d','','medium','2026-01-14 19:54:01'),(204,78,'Law and order in a state is handled by the _____.','Central government','State government','Local government','Union government','b','','medium','2026-01-14 19:54:01'),(205,78,'How many Union Territories are there in India?','6','7','8','9','c','','medium','2026-01-14 19:54:01'),(206,78,'Union Territories are governed mainly by the _____.','Local government','State government','Central government','Panchayat','c','','medium','2026-01-14 19:54:01'),(207,78,'Which government looks after cities and villages?','Central','State','Local','Union','c','','medium','2026-01-14 19:54:01'),(208,78,'Which is NOT a local-level government body?','Gram Panchayat','Municipal Corporation','Municipal Committee','Parliament','d','','medium','2026-01-14 19:54:01'),(209,78,'Drinking water supply is the duty of _____.','Central government','State government','Local government','Army','c','','medium','2026-01-14 19:54:01'),(210,78,'Cleanliness in towns is handled by _____.','Local government','Central government','Judiciary','Governor','a','','medium','2026-01-14 19:54:01'),(211,78,'Which body governs villages?','Municipal Corporation','Gram Panchayat','State Assembly','Parliament','b','','medium','2026-01-14 19:54:01'),(212,78,'Municipal Corporations are found in _____.','Villages','Cities','Forests','Borders','b','','medium','2026-01-14 19:54:01'),(213,78,'Who is part of the Central Government?','Chief Minister','Governor','President','Mayor','c','','medium','2026-01-14 19:54:01'),(214,78,'Which government makes rules for the entire nation?','State','Local','Central','Village','c','','medium','2026-01-14 19:54:01'),(215,78,'Roads inside villages are maintained by _____.','Central government','State government','Local government','Army','c','','medium','2026-01-14 19:54:01'),(216,78,'Which level of government works closest to people?','Central','State','Local','Union','c','','medium','2026-01-14 19:54:01'),(217,78,'Railways come under which government?','State','Local','Central','Village','c','','medium','2026-01-14 19:54:01'),(218,78,'Who maintains armed forces?','State government','Local government','Central government','Municipality','c','','medium','2026-01-14 19:54:01'),(219,78,'Who is NOT part of the state government?','Chief Minister','Governor','President','Ministers','c','','medium','2026-01-14 19:54:01'),(220,78,'The capital of India is _____.','Mumbai','New Delhi','Jaipur','Lucknow','b','','medium','2026-01-14 19:54:01'),(221,78,'Which government manages healthcare in a state?','Central','State','Local','Union','b','','medium','2026-01-14 19:54:01'),(222,78,'Parks in cities are managed by _____.','State government','Central government','Local government','Parliament','c','','medium','2026-01-14 19:54:01'),(223,78,'Who takes decisions for international trade?','Local government','State government','Central government','Village Panchayat','c','','medium','2026-01-14 19:54:01'),(224,78,'Which is a feature of local government?','Defence','Foreign policy','Cleanliness','National laws','c','','medium','2026-01-14 19:54:01'),(225,78,'Who is elected by people of the country?','Judge','Police Officer','Government members','Army chief','c','','medium','2026-01-14 19:54:01'),(226,78,'Which government level includes Gram Panchayat?','Central','State','Local','Union','c','','medium','2026-01-14 19:54:01'),(227,78,'Union Territories do not have full _____.','roads','cities','governments','villages','c','','medium','2026-01-14 19:54:01'),(228,78,'Municipal Committees work in _____.','Villages','Towns','Capitals','Borders','b','','medium','2026-01-14 19:54:01'),(229,78,'Who looks after transport within a state?','Central government','State government','Local government','Union government','b','','medium','2026-01-14 19:54:01'),(230,78,'The Prime Minister is a part of _____.','State government','Local government','Central government','Village government','c','','medium','2026-01-14 19:54:01'),(231,78,'Government works for the _____ of people.','Entertainment','Welfare','Business only','Exams','b','','medium','2026-01-14 19:54:01'),(232,78,'Which government handles foreign attacks?','State','Local','Central','Municipal','c','','medium','2026-01-14 19:54:01'),(233,78,'Which is the lowest level of government?','Central','State','Local','Union','c','','medium','2026-01-14 19:54:01'),(234,78,'Who looks after cities?','Gram Panchayat','Municipal Corporation','Parliament','Assembly','b','','medium','2026-01-14 19:54:01'),(235,78,'Which body helps in keeping streets clean?','Central government','State government','Local government','President','c','','medium','2026-01-14 19:54:01'),(236,78,'Which government deals with education in a state?','Local','Central','State','Union','c','','medium','2026-01-14 19:54:01'),(237,78,'The head of village administration is _____.','Prime Minister','Mayor','Sarpanch','Governor','c','','medium','2026-01-14 19:54:01'),(238,78,'Which government level works in New Delhi?','Local','Village','Central','Town','c','','medium','2026-01-14 19:54:01'),(239,78,'Which government is closest to daily life needs?','Central','State','Local','Union','c','','medium','2026-01-14 19:54:01'),(240,78,'Which is NOT a duty of local government?','Cleanliness','Drinking water','Defence','Roads','c','','medium','2026-01-14 19:54:01'),(241,78,'Who helps maintain law and order in a state?','Central government','State government','Local government','Union government','b','','medium','2026-01-14 19:54:01'),(242,78,'Government is formed by _____.','Judges','Soldiers','Elected representatives','Teachers','c','','medium','2026-01-14 19:54:01'),(243,79,'What does the white colour in the Indian flag represent?','Peace and truth','Growth','Strength','Courage','a','The Indian national flag is called the Tricolour because it has three colours.','easy','2026-01-15 16:26:45'),(244,79,'How many horizontal bands are there in the national flag?','Two','Three','Four','Five','b','Saffron represents courage and strength of the nation.','easy','2026-01-15 16:26:45'),(245,79,'What is the shape of the Indian national flag?','Square','Circular','Rectangular','Triangular','c','White colour in the flag stands for peace and truth.','easy','2026-01-15 16:26:45'),(246,79,'What is the wheel in the centre of the flag called?','Dharma Wheel','Ashoka Chakra','Victory Wheel','Peace Wheel','b','The Indian flag has three horizontal colour bands.','easy','2026-01-15 16:26:45'),(247,79,'How many spokes does the Ashoka Chakra have?','12','18','24','30','c','The shape of the national flag is rectangular.','easy','2026-01-15 16:26:45'),(248,79,'Which rule should be followed for the national flag?','Let it touch ground','Use torn flag','Keep saffron on top','Fold during hoisting','c','The wheel in the centre of the flag is known as the Ashoka Chakra.','easy','2026-01-15 16:26:45'),(249,79,'The national emblem is adapted from which pillar?','Delhi Pillar','Ashoka Pillar','Sarnath Pillar','Gupta Pillar','b','The Ashoka Chakra has 24 spokes symbolising progress and motion.','easy','2026-01-15 16:26:45'),(250,79,'Where is the Lion Capital located?','Delhi','Patna','Sarnath','Agra','c','The saffron band must always be at the top of the flag.','easy','2026-01-15 16:26:45'),(251,79,'How many lions are visible in the national emblem?','One','Two','Three','Four','c','The national emblem is taken from the Ashoka Pillar.','easy','2026-01-15 16:26:45'),(252,79,'What is written below the emblem base?','Jai Hind','Satyameva Jayate','Vande Mataram','Bharat Mata','b','The Lion Capital is located at Sarnath in Uttar Pradesh.','easy','2026-01-15 16:26:45'),(253,79,'Who wrote the national anthem?','Bankim Chandra','Rabindranath Tagore','Sarojini Naidu','Subhash Bose','b','Although four lions exist, only three are visible in the emblem.','easy','2026-01-15 16:26:45'),(254,79,'National anthem of India is?','Vande Mataram','Jana Gana Mana','Ae Mere Watan','Saare Jahan Se Accha','b','‘Satyameva Jayate’ means truth alone triumphs.','easy','2026-01-15 16:26:45'),(255,79,'Original language of Jana Gana Mana was?','Hindi','Sanskrit','Bengali','Urdu','c','Rabindranath Tagore wrote the national anthem.','easy','2026-01-15 16:26:45'),(256,79,'When should we stand during the national anthem?','While sitting','While playing','At attention','While walking','c','Jana Gana Mana is the national anthem of India.','easy','2026-01-15 16:26:45'),(257,79,'What is the national song of India?','Jana Gana Mana','Vande Mataram','Jai Ho','Ae Mere Watan','b','Jana Gana Mana was first written in Bengali.','easy','2026-01-15 16:26:45'),(258,79,'Who wrote Vande Mataram?','Rabindranath Tagore','Bankim Chandra Chatterjee','Mahatma Gandhi','Jawaharlal Nehru','b','Standing at attention shows respect during the anthem.','easy','2026-01-15 16:26:45'),(259,79,'National animal of India is?','Lion','Elephant','Tiger','Leopard','c','Vande Mataram is recognised as the national song.','easy','2026-01-15 16:26:45'),(260,79,'Which tiger is national animal?','White tiger','Bengal tiger','Royal Bengal tiger','Siberian tiger','c','Vande Mataram was written by Bankim Chandra Chatterjee.','easy','2026-01-15 16:26:45'),(261,79,'National bird of India is?','Crow','Sparrow','Peacock','Eagle','c','The tiger represents strength and bravery.','easy','2026-01-15 16:26:45'),(262,79,'What does peacock symbolise?','Strength','Beauty and grace','Speed','Wisdom','b','The Royal Bengal Tiger is India’s national animal.','easy','2026-01-15 16:26:45'),(263,79,'National flower of India is?','Rose','Lotus','Lily','Sunflower','b','The peacock is India’s national bird.','easy','2026-01-15 16:26:45'),(264,79,'Lotus mainly grows in?','Mountains','Deserts','Ponds and lakes','Forests','c','The peacock symbolises beauty and grace.','easy','2026-01-15 16:26:45'),(265,79,'Which quality is represented by lotus?','Power','Purity','Anger','Fear','b','Lotus is the national flower of India.','easy','2026-01-15 16:26:45'),(266,79,'What does the white colour in the Indian flag represent? (Revised)','Peace and truth','Growth','Strength','Courage','a','Lotus commonly grows in ponds and lakes.','easy','2026-01-15 16:26:45'),(267,79,'What does the white colour in the Indian flag represent? (Revised)','Peace and truth','Growth','Strength','Courage','a','Lotus represents purity and knowledge.','easy','2026-01-15 16:26:45'),(268,79,'What does the white colour in the Indian flag represent? (Revised)','Peace and truth','Growth','Strength','Courage','a','The Indian national flag is called the Tricolour because it has three colours.','easy','2026-01-15 16:26:45'),(269,79,'What does the white colour in the Indian flag represent? (Revised)','Peace and truth','Growth','Strength','Courage','a','Saffron represents courage and strength of the nation.','easy','2026-01-15 16:26:45'),(270,79,'What does the white colour in the Indian flag represent? (Revised)','Peace and truth','Growth','Strength','Courage','a','White colour in the flag stands for peace and truth.','easy','2026-01-15 16:26:45'),(271,79,'What does the white colour in the Indian flag represent? (Revised)','Peace and truth','Growth','Strength','Courage','a','The Indian flag has three horizontal colour bands.','easy','2026-01-15 16:26:45'),(272,79,'What does the white colour in the Indian flag represent? (Revised)','Peace and truth','Growth','Strength','Courage','a','The shape of the national flag is rectangular.','easy','2026-01-15 16:26:45'),(273,79,'What does the white colour in the Indian flag represent? (Revised)','Peace and truth','Growth','Strength','Courage','a','The wheel in the centre of the flag is known as the Ashoka Chakra.','easy','2026-01-15 16:26:45'),(274,79,'What does the white colour in the Indian flag represent? (Revised)','Peace and truth','Growth','Strength','Courage','a','The Ashoka Chakra has 24 spokes symbolising progress and motion.','easy','2026-01-15 16:26:45'),(275,79,'What does the white colour in the Indian flag represent? (Revised)','Peace and truth','Growth','Strength','Courage','a','The saffron band must always be at the top of the flag.','easy','2026-01-15 16:26:45'),(276,79,'What does the white colour in the Indian flag represent? (Revised)','Peace and truth','Growth','Strength','Courage','a','The national emblem is taken from the Ashoka Pillar.','easy','2026-01-15 16:26:45'),(277,79,'What does the white colour in the Indian flag represent? (Revised)','Peace and truth','Growth','Strength','Courage','a','The Lion Capital is located at Sarnath in Uttar Pradesh.','easy','2026-01-15 16:26:45'),(278,79,'What does the white colour in the Indian flag represent? (Revised)','Peace and truth','Growth','Strength','Courage','a','Although four lions exist, only three are visible in the emblem.','easy','2026-01-15 16:26:45'),(279,79,'What does the white colour in the Indian flag represent? (Revised)','Peace and truth','Growth','Strength','Courage','a','‘Satyameva Jayate’ means truth alone triumphs.','easy','2026-01-15 16:26:45'),(280,79,'What does the white colour in the Indian flag represent? (Revised)','Peace and truth','Growth','Strength','Courage','a','Rabindranath Tagore wrote the national anthem.','easy','2026-01-15 16:26:45'),(281,79,'What does the white colour in the Indian flag represent? (Revised)','Peace and truth','Growth','Strength','Courage','a','Jana Gana Mana is the national anthem of India.','easy','2026-01-15 16:26:45'),(282,79,'What does the white colour in the Indian flag represent? (Revised)','Peace and truth','Growth','Strength','Courage','a','Jana Gana Mana was first written in Bengali.','easy','2026-01-15 16:26:45'),(283,80,'Where was Mahatma Gandhi born?','Delhi','Porbandar','Prayagraj','Nadiad','b','Mahatma Gandhi was born at Porbandar in Gujarat.','easy','2026-01-15 16:33:29'),(284,80,'On which date was Mahatma Gandhi born?','15-Aug-47','26-Jan-50','2 October 1869','14 November 1889','c','Gandhiji was born on 2 October 1869.','easy','2026-01-15 16:33:29'),(286,80,'Which principle did Gandhi use against the British?','Violence','Military power','Satyagraha','Secret protest','c','Satyagraha is the path of truth and non-violence.','easy','2026-01-15 16:33:29'),(288,80,'Jawaharlal Nehru was born on which date?','2-Oct','14 November 1889','15-Aug','26-Jan','b','Pandit Nehru was born on 14 November 1889.','easy','2026-01-15 16:33:29'),(289,80,'Where was Jawaharlal Nehru born?','Delhi','Mumbai','Prayagraj','Ahmedabad','c','He was born in Prayagraj (Allahabad).','easy','2026-01-15 16:33:29'),(290,80,'What affectionate name did children give Nehru?','Bapu','Chacha Nehru','Netaji','Guruji','b','Children lovingly called him Chacha Nehru.','easy','2026-01-15 16:33:29'),(291,80,'Which post did Jawaharlal Nehru hold after independence?','President','Governor','First Prime Minister','Chief Minister','c','He became the first Prime Minister of India.','easy','2026-01-15 16:33:29'),(293,80,'Sardar Vallabhbhai Patel was born at which place?','Porbandar','Nadiad','Prayagraj','Delhi','b','Sardar Patel was born in Nadiad, Gujarat.','easy','2026-01-15 16:33:29'),(294,80,'On which date was Sardar Patel born?','31 October 1875','2 October 1869','14 November 1889','15-Aug-47','a','His birth date is 31 October 1875.','easy','2026-01-15 16:33:29'),(295,80,'What title is Sardar Patel known by?','Father of Nation','Iron Man of India','Netaji','Lokmanya','b','He united the states, earning the title Iron Man of India.','easy','2026-01-15 16:33:29'),(296,80,'Which movement influenced Sardar Patel?','Quit India','Satyagraha','Swadeshi','Non-Cooperation','b','He was inspired by Gandhiji’s Satyagraha.','easy','2026-01-15 16:33:29'),(297,80,'Which important role did Sardar Patel play?','Education reform','Uniting Indian states','Writing constitution','Foreign policy','b','He united various princely states.','easy','2026-01-15 16:33:29'),(298,80,'Where was Mahatma Gandhi born?','Delhi','Porbandar','Prayagraj','Nadiad','b','Mahatma Gandhi was born at Porbandar in Gujarat.','easy','2026-01-15 16:33:29'),(299,80,'On which date was Mahatma Gandhi born?','15-Aug-47','26-Jan-50','2 October 1869','14 November 1889','c','Gandhiji was born on 2 October 1869.','easy','2026-01-15 16:33:29'),(301,80,'Which principle did Gandhi use against the British?','Violence','Military power','Satyagraha','Secret protest','c','Satyagraha is the path of truth and non-violence.','easy','2026-01-15 16:33:29'),(303,80,'Jawaharlal Nehru was born on which date?','2-Oct','14 November 1889','15-Aug','26-Jan','b','Pandit Nehru was born on 14 November 1889.','easy','2026-01-15 16:33:29'),(304,80,'Where was Jawaharlal Nehru born?','Delhi','Mumbai','Prayagraj','Ahmedabad','c','He was born in Prayagraj (Allahabad).','easy','2026-01-15 16:33:29'),(305,80,'What affectionate name did children give Nehru?','Bapu','Chacha Nehru','Netaji','Guruji','b','Children lovingly called him Chacha Nehru.','easy','2026-01-15 16:33:29'),(306,80,'Which post did Jawaharlal Nehru hold after independence?','President','Governor','First Prime Minister','Chief Minister','c','He became the first Prime Minister of India.','easy','2026-01-15 16:33:29'),(308,80,'Sardar Vallabhbhai Patel was born at which place?','Porbandar','Nadiad','Prayagraj','Delhi','b','Sardar Patel was born in Nadiad, Gujarat.','easy','2026-01-15 16:33:29'),(309,80,'On which date was Sardar Patel born?','31 October 1875','2 October 1869','14 November 1889','15-Aug-47','a','His birth date is 31 October 1875.','easy','2026-01-15 16:33:29'),(310,80,'What title is Sardar Patel known by?','Father of Nation','Iron Man of India','Netaji','Lokmanya','b','He united the states, earning the title Iron Man of India.','easy','2026-01-15 16:33:29'),(311,80,'Which movement influenced Sardar Patel?','Quit India','Satyagraha','Swadeshi','Non-Cooperation','b','He was inspired by Gandhiji’s Satyagraha.','easy','2026-01-15 16:33:29'),(312,80,'Which important role did Sardar Patel play?','Education reform','Uniting Indian states','Writing constitution','Foreign policy','b','He united various princely states.','easy','2026-01-15 16:33:29'),(313,80,'Where was Mahatma Gandhi born?','Delhi','Porbandar','Prayagraj','Nadiad','b','Mahatma Gandhi was born at Porbandar in Gujarat.','easy','2026-01-15 16:33:29'),(314,80,'On which date was Mahatma Gandhi born?','15-Aug-47','26-Jan-50','2 October 1869','14 November 1889','c','Gandhiji was born on 2 October 1869.','easy','2026-01-15 16:33:29'),(316,80,'Which principle did Gandhi use against the British?','Violence','Military power','Satyagraha','Secret protest','c','Satyagraha is the path of truth and non-violence.','easy','2026-01-15 16:33:29'),(318,80,'Jawaharlal Nehru was born on which date?','2-Oct','14 November 1889','15-Aug','26-Jan','b','Pandit Nehru was born on 14 November 1889.','easy','2026-01-15 16:33:29'),(319,80,'Where was Jawaharlal Nehru born?','Delhi','Mumbai','Prayagraj','Ahmedabad','c','He was born in Prayagraj (Allahabad).','easy','2026-01-15 16:33:29'),(320,80,'What affectionate name did children give Nehru?','Bapu','Chacha Nehru','Netaji','Guruji','b','Children lovingly called him Chacha Nehru.','easy','2026-01-15 16:33:29'),(321,80,'Which post did Jawaharlal Nehru hold after independence?','President','Governor','First Prime Minister','Chief Minister','c','He became the first Prime Minister of India.','easy','2026-01-15 16:33:29'),(323,81,'What do we call vehicles that help us travel?','Means of transport','Means of communication','Signals','Routes','a','Vehicles used for travelling are called means of transport.','easy','2026-01-15 17:40:44'),(324,81,'Which factor affects our choice of transport?','Distance','Time','Money','All of these','d','Distance, time and money all affect the choice of transport.','easy','2026-01-15 17:40:44'),(325,81,'Which transport moves on land?','Ship','Aeroplane','Train','Boat','c','Trains move on land using railway tracks.','easy','2026-01-15 17:40:44'),(326,81,'Which is the cheapest means of transport?','Air','Land','Water','Space','b','Land transport is the cheapest.','easy','2026-01-15 17:40:44'),(327,81,'Which vehicle carries heavy loads on roads?','Bus','Car','Truck','Bicycle','c','Trucks are used to carry heavy loads.','easy','2026-01-15 17:40:44'),(328,81,'Which transport uses railway tracks?','Road','Air','Rail','Water','c','Rail transport uses railway tracks.','easy','2026-01-15 17:40:44'),(329,81,'Which train carries goods?','Passenger train','Metro','Goods train','Express','c','Goods trains carry materials.','easy','2026-01-15 17:40:44'),(330,81,'Metro trains run on?','Roads','Rivers','Special tracks','Highways','c','Metro trains use special tracks.','easy','2026-01-15 17:40:44'),(331,81,'Which transport uses water bodies?','Land','Water','Air','Rail','b','Water transport moves on water.','easy','2026-01-15 17:40:44'),(332,81,'Which is used for short distance on water?','Ship','Boat','Aeroplane','Train','b','Boats are used for short distances.','easy','2026-01-15 17:40:44'),(333,81,'Which carries heavy loads over seas?','Boat','Steamer','Cargo ship','Helicopter','c','Cargo ships carry heavy goods.','easy','2026-01-15 17:40:44'),(334,81,'Water transport is important for?','Travel only','Tourism','International trade','Games','c','Water transport helps in international trade.','easy','2026-01-15 17:40:44'),(335,81,'Which is the fastest transport?','Land','Water','Air','Rail','c','Air transport is the fastest.','easy','2026-01-15 17:40:44'),(336,81,'Which is the most expensive transport?','Road','Rail','Water','Air','d','Air travel costs the most.','easy','2026-01-15 17:40:44'),(337,81,'Which travels in the air?','Boat','Bus','Helicopter','Train','c','Helicopters travel in air.','easy','2026-01-15 17:40:44'),(338,81,'What does communication mean?','Travel','Exchange of ideas','Farming','Buying','b','Communication means sharing information.','easy','2026-01-15 17:40:44'),(339,81,'Early humans communicated using?','Letters','Phones','Gestures','TV','c','Early humans used gestures and signals.','easy','2026-01-15 17:40:44'),(340,81,'Which is a signal used by early humans?','Email','Smoke','Radio','Internet','b','Smoke was used as a signal.','easy','2026-01-15 17:40:44'),(341,81,'What type of communication is with few people?','Mass','Personal','Global','Digital','b','Personal communication involves few people.','easy','2026-01-15 17:40:44'),(342,81,'Which is the oldest communication method?','Telephone','Internet','Postal service','Email','c','Postal service is the oldest method.','easy','2026-01-15 17:40:44'),(343,81,'What do we call vehicles that help us travel?','Means of transport','Means of communication','Signals','Routes','a','Vehicles used for travelling are called means of transport.','easy','2026-01-15 17:40:44'),(344,81,'Which factor affects our choice of transport?','Distance','Time','Money','All of these','d','Distance, time and money all affect the choice of transport.','easy','2026-01-15 17:40:44'),(345,81,'Which transport moves on land?','Ship','Aeroplane','Train','Boat','c','Trains move on land using railway tracks.','easy','2026-01-15 17:40:44'),(346,81,'Which is the cheapest means of transport?','Air','Land','Water','Space','b','Land transport is the cheapest.','easy','2026-01-15 17:40:44'),(347,81,'Which vehicle carries heavy loads on roads?','Bus','Car','Truck','Bicycle','c','Trucks are used to carry heavy loads.','easy','2026-01-15 17:40:44'),(348,81,'Which transport uses railway tracks?','Road','Air','Rail','Water','c','Rail transport uses railway tracks.','easy','2026-01-15 17:40:44'),(349,81,'Which train carries goods?','Passenger train','Metro','Goods train','Express','c','Goods trains carry materials.','easy','2026-01-15 17:40:44'),(350,81,'Metro trains run on?','Roads','Rivers','Special tracks','Highways','c','Metro trains use special tracks.','easy','2026-01-15 17:40:44'),(351,81,'Which transport uses water bodies?','Land','Water','Air','Rail','b','Water transport moves on water.','easy','2026-01-15 17:40:44'),(352,81,'Which is used for short distance on water?','Ship','Boat','Aeroplane','Train','b','Boats are used for short distances.','easy','2026-01-15 17:40:44'),(353,81,'Which carries heavy loads over seas?','Boat','Steamer','Cargo ship','Helicopter','c','Cargo ships carry heavy goods.','easy','2026-01-15 17:40:44'),(354,81,'Water transport is important for?','Travel only','Tourism','International trade','Games','c','Water transport helps in international trade.','easy','2026-01-15 17:40:44'),(355,81,'Which is the fastest transport?','Land','Water','Air','Rail','c','Air transport is the fastest.','easy','2026-01-15 17:40:44'),(356,81,'Which is the most expensive transport?','Road','Rail','Water','Air','d','Air travel costs the most.','easy','2026-01-15 17:40:44'),(357,81,'Which travels in the air?','Boat','Bus','Helicopter','Train','c','Helicopters travel in air.','easy','2026-01-15 17:40:44'),(358,81,'What does communication mean?','Travel','Exchange of ideas','Farming','Buying','b','Communication means sharing information.','easy','2026-01-15 17:40:44'),(359,81,'Early humans communicated using?','Letters','Phones','Gestures','TV','c','Early humans used gestures and signals.','easy','2026-01-15 17:40:44'),(360,81,'Which is a signal used by early humans?','Email','Smoke','Radio','Internet','b','Smoke was used as a signal.','easy','2026-01-15 17:40:44'),(361,81,'What type of communication is with few people?','Mass','Personal','Global','Digital','b','Personal communication involves few people.','easy','2026-01-15 17:40:44'),(362,81,'Which is the oldest communication method?','Telephone','Internet','Postal service','Email','c','Postal service is the oldest method.','easy','2026-01-15 17:40:44'),(363,83,'What is environment?','Only living things','Only non-living things','Everything around us','Only plants','c','Environment includes everything around us, living and non-living.','easy','2026-01-15 18:23:09'),(364,83,'Which of the following is a living thing?','Water','Air','Plant','Sunlight','c','Plants are living things.','easy','2026-01-15 18:23:09'),(365,83,'Which is a non-living thing?','Bird','Animal','Air','Human','c','Air is a non-living component.','easy','2026-01-15 18:23:09'),(366,83,'Pollution means?','Cleaning environment','Dirtying environment','Saving environment','Decorating environment','b','Pollution is dirtying the environment.','easy','2026-01-15 18:23:09'),(367,83,'Harmful substances causing pollution are called?','Manures','Pollutants','Medicines','Nutrients','b','Pollutants make environment dirty.','easy','2026-01-15 18:23:09'),(368,83,'Which pollution affects air?','Smoke from vehicles','Garbage in land','Plastic in soil','Noise from TV','a','Vehicle smoke contaminates air.','easy','2026-01-15 18:23:09'),(369,83,'Air pollution affects which organ?','Eyes and lungs','Heart only','Bones','Muscles','a','Air pollution irritates eyes and breathing system.','easy','2026-01-15 18:23:09'),(370,83,'Which disease is caused by air pollution?','Asthma','Diabetes','Malaria','Fracture','a','Air pollution can cause asthma.','easy','2026-01-15 18:23:09'),(371,83,'Which activity reduces air pollution?','Burning plastic','Planting trees','Bursting crackers','Using private cars','b','Trees purify air.','easy','2026-01-15 18:23:09'),(372,83,'Water pollution happens when?','Clean water is used','Water is boiled','Waste is dumped into water','Rain falls','c','Dumping waste pollutes water.','easy','2026-01-15 18:23:09'),(373,83,'Main source of water on earth is?','River','Sea','Rain','Pond','c','Rain fills water bodies.','easy','2026-01-15 18:23:09'),(374,83,'Which disease is caused by polluted water?','Typhoid','Cold','Cancer','Fracture','a','Polluted water causes typhoid.','easy','2026-01-15 18:23:09'),(375,83,'Which causes water pollution?','Bathing animals in rivers','Planting trees','Saving water','Cleaning ponds','a','Such activities pollute water.','easy','2026-01-15 18:23:09'),(376,83,'Noise pollution is caused by?','Soft music','Honking horns','Talking softly','Reading books','b','Honking produces loud noise.','easy','2026-01-15 18:23:09'),(377,83,'Effect of noise pollution?','Good sleep','Loss of hearing','Better health','Strong eyes','b','Noise can damage hearing.','easy','2026-01-15 18:23:09'),(378,83,'How to reduce noise pollution?','Play loud music','Avoid unnecessary honking','Use loudspeakers','Burst crackers','b','Less honking reduces noise.','easy','2026-01-15 18:23:09'),(379,83,'Land pollution occurs due to?','Tree plantation','Throwing garbage','Recycling waste','Using dustbin','b','Garbage dumping pollutes land.','easy','2026-01-15 18:23:09'),(380,83,'Which waste causes land pollution?','Household waste','Fresh air','Rain water','Sunlight','a','Waste dumped on land causes land pollution.','easy','2026-01-15 18:23:09'),(381,83,'Land pollution attracts?','Birds','Rats and flies','Trees','Fish','b','Dirty land attracts pests.','easy','2026-01-15 18:23:09'),(382,83,'Which disease spreads due to land pollution?','Cholera','Asthma','Cancer','Cold','a','Pests spread cholera.','easy','2026-01-15 18:23:09'),(383,83,'Which is NOT a type of pollution?','Air','Water','Noise','Sunlight','d','Sunlight is not pollution.','easy','2026-01-15 18:23:09'),(384,83,'Three R&#039;s stand for?','Reduce, Reuse, Recycle','Read, Rest, Run','Remove, Repair, Replace','Reuse, Reduce, React','a','Three R&#039;s help save environment.','easy','2026-01-15 18:23:09'),(385,83,'Which means using things again?','Reduce','Recycle','Reuse','Remove','c','Reuse means using again.','easy','2026-01-15 18:23:09'),(386,83,'Recycle means?','Throw waste','Burn waste','Make new things from waste','Store waste','c','Recycling converts waste into new products.','easy','2026-01-15 18:23:09'),(387,83,'Which bag is environment friendly?','Plastic bag','Polythene bag','Jute bag','Rubber bag','c','Jute bags are eco-friendly.','easy','2026-01-15 18:23:09'),(388,83,'Which should be avoided to save environment?','Plastic bags','Cloth bags','Jute bags','Paper bags','a','Plastic harms environment.','easy','2026-01-15 18:23:09'),(389,83,'Which step helps save environment?','Burning crackers','Planting trees','Wasting water','Throwing garbage','b','Trees protect environment.','easy','2026-01-15 18:23:09'),(390,83,'Which pollution disturbs sleep?','Air','Water','Noise','Land','c','Noise pollution affects sleep.','easy','2026-01-15 18:23:09'),(391,83,'Factory waste should NOT be dumped in?','Dustbin','River','Treatment plant','Recycle unit','b','Dumping in rivers causes water pollution.','easy','2026-01-15 18:23:09'),(392,83,'Using public transport helps reduce?','Noise only','Water only','Pollution','Garbage','c','Public transport reduces pollution.','easy','2026-01-15 18:23:09'),(393,83,'Burning dry leaves causes?','Water pollution','Noise pollution','Air pollution','Land pollution','c','Smoke causes air pollution.','easy','2026-01-15 18:23:09'),(394,83,'Which organ is affected by noise pollution?','Ears','Stomach','Skin','Eyes','a','Noise damages ears.','easy','2026-01-15 18:23:09'),(395,83,'What should we avoid bursting?','Balloons','Firecrackers','Soap bubbles','Paper','b','Firecrackers cause air and noise pollution.','easy','2026-01-15 18:23:09'),(396,83,'Which activity saves water?','Wasting water','Leaking taps','Saving water','Overflow tanks','c','Saving water protects environment.','easy','2026-01-15 18:23:09'),(397,83,'Which pollution affects soil?','Air','Water','Noise','Land','d','Land pollution affects soil.','easy','2026-01-15 18:23:09'),(398,83,'Which attracts cockroaches?','Clean place','Dirty surroundings','Forest','Garden','b','Garbage attracts insects.','easy','2026-01-15 18:23:09'),(399,83,'Environment consists of?','Only living things','Only non-living things','Living and non-living things','Only humans','c','Environment includes both.','easy','2026-01-15 18:23:09'),(400,83,'Which is a remedial measure for land pollution?','Throw garbage openly','Use plastic bags','Use dustbins','Burn waste','c','Dustbins help keep land clean.','easy','2026-01-15 18:23:09'),(401,83,'Main aim of saving environment is?','Harm nature','Healthy life','Waste resources','Pollute earth','b','Clean environment gives healthy life.','easy','2026-01-15 18:23:09'),(402,83,'What is environment?','Only living things','Only non-living things','Everything around us','Only plants','c','Environment includes everything around us, living and non-living.','easy','2026-01-15 18:29:06'),(403,83,'Which of the following is a living thing?','Water','Air','Plant','Sunlight','c','Plants are living things.','easy','2026-01-15 18:29:06'),(404,83,'Which is a non-living thing?','Bird','Animal','Air','Human','c','Air is a non-living component.','easy','2026-01-15 18:29:06'),(405,83,'Pollution means?','Cleaning environment','Dirtying environment','Saving environment','Decorating environment','b','Pollution is dirtying the environment.','easy','2026-01-15 18:29:06'),(406,83,'Harmful substances causing pollution are called?','Manures','Pollutants','Medicines','Nutrients','b','Pollutants make environment dirty.','easy','2026-01-15 18:29:06'),(407,83,'Which pollution affects air?','Smoke from vehicles','Garbage in land','Plastic in soil','Noise from TV','a','Vehicle smoke contaminates air.','easy','2026-01-15 18:29:06'),(408,83,'Air pollution affects which organ?','Eyes and lungs','Heart only','Bones','Muscles','a','Air pollution irritates eyes and breathing system.','easy','2026-01-15 18:29:06'),(409,83,'Which disease is caused by air pollution?','Asthma','Diabetes','Malaria','Fracture','a','Air pollution can cause asthma.','easy','2026-01-15 18:29:06'),(410,83,'Which activity reduces air pollution?','Burning plastic','Planting trees','Bursting crackers','Using private cars','b','Trees purify air.','easy','2026-01-15 18:29:06'),(411,83,'Water pollution happens when?','Clean water is used','Water is boiled','Waste is dumped into water','Rain falls','c','Dumping waste pollutes water.','easy','2026-01-15 18:29:06'),(412,83,'Main source of water on earth is?','River','Sea','Rain','Pond','c','Rain fills water bodies.','easy','2026-01-15 18:29:06'),(413,83,'Which disease is caused by polluted water?','Typhoid','Cold','Cancer','Fracture','a','Polluted water causes typhoid.','easy','2026-01-15 18:29:06'),(414,83,'Which causes water pollution?','Bathing animals in rivers','Planting trees','Saving water','Cleaning ponds','a','Such activities pollute water.','easy','2026-01-15 18:29:06'),(415,83,'Noise pollution is caused by?','Soft music','Honking horns','Talking softly','Reading books','b','Honking produces loud noise.','easy','2026-01-15 18:29:06'),(416,83,'Effect of noise pollution?','Good sleep','Loss of hearing','Better health','Strong eyes','b','Noise can damage hearing.','easy','2026-01-15 18:29:06'),(417,83,'How to reduce noise pollution?','Play loud music','Avoid unnecessary honking','Use loudspeakers','Burst crackers','b','Less honking reduces noise.','easy','2026-01-15 18:29:06'),(418,83,'Land pollution occurs due to?','Tree plantation','Throwing garbage','Recycling waste','Using dustbin','b','Garbage dumping pollutes land.','easy','2026-01-15 18:29:06'),(419,83,'Which waste causes land pollution?','Household waste','Fresh air','Rain water','Sunlight','a','Waste dumped on land causes land pollution.','easy','2026-01-15 18:29:06'),(420,83,'Land pollution attracts?','Birds','Rats and flies','Trees','Fish','b','Dirty land attracts pests.','easy','2026-01-15 18:29:06'),(421,83,'Which disease spreads due to land pollution?','Cholera','Asthma','Cancer','Cold','a','Pests spread cholera.','easy','2026-01-15 18:29:06'),(422,83,'Which is NOT a type of pollution?','Air','Water','Noise','Sunlight','d','Sunlight is not pollution.','easy','2026-01-15 18:29:06'),(423,83,'Three R&#039;s stand for?','Reduce, Reuse, Recycle','Read, Rest, Run','Remove, Repair, Replace','Reuse, Reduce, React','a','Three R&#039;s help save environment.','easy','2026-01-15 18:29:06'),(424,83,'Which means using things again?','Reduce','Recycle','Reuse','Remove','c','Reuse means using again.','easy','2026-01-15 18:29:06'),(425,83,'Recycle means?','Throw waste','Burn waste','Make new things from waste','Store waste','c','Recycling converts waste into new products.','easy','2026-01-15 18:29:06'),(426,83,'Which bag is environment friendly?','Plastic bag','Polythene bag','Jute bag','Rubber bag','c','Jute bags are eco-friendly.','easy','2026-01-15 18:29:06'),(427,83,'Which should be avoided to save environment?','Plastic bags','Cloth bags','Jute bags','Paper bags','a','Plastic harms environment.','easy','2026-01-15 18:29:06'),(428,83,'Which step helps save environment?','Burning crackers','Planting trees','Wasting water','Throwing garbage','b','Trees protect environment.','easy','2026-01-15 18:29:06'),(429,83,'Which pollution disturbs sleep?','Air','Water','Noise','Land','c','Noise pollution affects sleep.','easy','2026-01-15 18:29:06'),(430,83,'Factory waste should NOT be dumped in?','Dustbin','River','Treatment plant','Recycle unit','b','Dumping in rivers causes water pollution.','easy','2026-01-15 18:29:06'),(431,83,'Using public transport helps reduce?','Noise only','Water only','Pollution','Garbage','c','Public transport reduces pollution.','easy','2026-01-15 18:29:06'),(432,83,'Burning dry leaves causes?','Water pollution','Noise pollution','Air pollution','Land pollution','c','Smoke causes air pollution.','easy','2026-01-15 18:29:06'),(433,83,'Which organ is affected by noise pollution?','Ears','Stomach','Skin','Eyes','a','Noise damages ears.','easy','2026-01-15 18:29:06'),(434,83,'What should we avoid bursting?','Balloons','Firecrackers','Soap bubbles','Paper','b','Firecrackers cause air and noise pollution.','easy','2026-01-15 18:29:06'),(435,83,'Which activity saves water?','Wasting water','Leaking taps','Saving water','Overflow tanks','c','Saving water protects environment.','easy','2026-01-15 18:29:06'),(436,83,'Which pollution affects soil?','Air','Water','Noise','Land','d','Land pollution affects soil.','easy','2026-01-15 18:29:06'),(437,83,'Which attracts cockroaches?','Clean place','Dirty surroundings','Forest','Garden','b','Garbage attracts insects.','easy','2026-01-15 18:29:06'),(438,83,'Environment consists of?','Only living things','Only non-living things','Living and non-living things','Only humans','c','Environment includes both.','easy','2026-01-15 18:29:06'),(439,83,'Which is a remedial measure for land pollution?','Throw garbage openly','Use plastic bags','Use dustbins','Burn waste','c','Dustbins help keep land clean.','easy','2026-01-15 18:29:06'),(440,83,'Main aim of saving environment is?','Harm nature','Healthy life','Waste resources','Pollute earth','b','Clean environment gives healthy life.','easy','2026-01-15 18:29:06'),(441,82,'What is an occupation?','Any work done for fun','Any work done to earn money','Any school activity','Any game','b','An occupation is the work done to earn money.','easy','2026-01-15 18:40:07'),(442,82,'Which factor helps people choose their occupation?','Clothes','Skills and education','Weather','Hobbies only','b','People choose occupations based on skills and education.','easy','2026-01-15 18:40:07'),(443,82,'Which is the main occupation of people living in villages?','Teaching','Farming','Driving','Business','b','Most villagers depend on farming.','easy','2026-01-15 18:40:07'),(444,82,'Farming includes which activities?','Growing crops only','Rearing animals only','Growing crops and rearing animals','Selling products','c','Farming includes crop growing and animal rearing.','easy','2026-01-15 18:40:07'),(445,82,'Which crop is commonly grown by farmers?','Iron','Plastic','Wheat','Cement','c','Wheat is a farm crop.','easy','2026-01-15 18:40:07'),(446,82,'Keeping cows and buffaloes for milk is called?','Fishing','Poultry farming','Dairy farming','Forestry','c','Dairy farming deals with milk-producing animals.','easy','2026-01-15 18:40:07'),(447,82,'Poultry farming is related to?','Fish','Cows','Hens and ducks','Goats','c','Poultry farming involves birds.','easy','2026-01-15 18:40:07'),(448,82,'Which product is obtained from dairy farming?','Eggs','Milk','Wood','Coal','b','Milk comes from dairy farming.','easy','2026-01-15 18:40:07'),(449,82,'Fishing means?','Catching fish','Growing plants','Cutting trees','Digging soil','a','Fishing means catching fish.','easy','2026-01-15 18:40:07'),(450,82,'Fishing is common near which areas?','Deserts','Mountains','Water bodies','Factories','c','Fishing is done near water bodies.','easy','2026-01-15 18:40:07'),(451,82,'Fish is important because it is?','Toy','Decoration','Source of food','Fuel','c','Fish is an important food source.','easy','2026-01-15 18:40:07'),(452,82,'Which occupation is related to forests?','Mining','Forestry','Fishing','Teaching','b','Forestry deals with forest resources.','easy','2026-01-15 18:40:07'),(453,82,'People collect which item from forests?','Gold','Wood','Plastic','Glass','b','Wood is collected from forests.','easy','2026-01-15 18:40:07'),(454,82,'What is mining?','Growing crops','Catching fish','Digging out minerals','Selling goods','c','Mining is extracting minerals from the earth.','easy','2026-01-15 18:40:07'),(455,82,'Coal and iron are examples of?','Animals','Crops','Minerals','Fruits','c','Coal and iron are minerals.','easy','2026-01-15 18:40:07'),(456,82,'Mining is the main occupation of people living near?','Plains','River banks','Mineral-rich areas','Cities','c','Mining is common in mineral-rich areas.','easy','2026-01-15 18:40:07'),(457,82,'Which metal is obtained by mining?','Rubber','Plastic','Copper','Cloth','c','Copper is a mineral.','easy','2026-01-15 18:40:07'),(458,82,'Factories are mostly found in?','Villages','Forests','Cities','Fields','c','Factories are in cities and towns.','easy','2026-01-15 18:40:07'),(459,82,'A factory is a place where?','Food is grown','Children study','Raw materials are converted','Animals live','c','Factories convert raw materials into products.','easy','2026-01-15 18:40:07'),(460,82,'People who run shops are called?','Farmers','Businessmen','Workers','Drivers','b','Shop owners are called businessmen.','easy','2026-01-15 18:40:07'),(461,82,'Who treats sick people?','Teacher','Doctor','Farmer','Carpenter','b','Doctors treat sick people.','easy','2026-01-15 18:40:07'),(462,82,'Who teaches students?','Lawyer','Pilot','Teacher','Miner','c','Teachers teach students.','easy','2026-01-15 18:40:07'),(463,82,'Who flies an aeroplane?','Farmer','Driver','Pilot','Electrician','c','Pilots fly aeroplanes.','easy','2026-01-15 18:40:07'),(464,82,'Carpenters mainly work with?','Metal','Wood','Glass','Plastic','b','Carpenters work with wood.','easy','2026-01-15 18:40:07'),(465,82,'Electricians work with?','Water','Electricity','Soil','Plants','b','Electricians handle electricity.','easy','2026-01-15 18:40:07'),(466,82,'Pottery making is done by?','Farmers','Skilled workers','Doctors','Teachers','b','Pottery making needs special skills.','easy','2026-01-15 18:40:07'),(467,82,'Jewellery making requires?','Luck','Skills','Rain','Animals','b','Jewellery making requires skills.','easy','2026-01-15 18:40:07'),(468,82,'Which occupation gives eggs?','Fishing','Dairy farming','Poultry farming','Mining','c','Eggs come from poultry farming.','easy','2026-01-15 18:40:07'),(469,82,'Which occupation depends on forests?','Forestry','Mining','Teaching','Business','a','Forestry uses forest resources.','easy','2026-01-15 18:40:07'),(470,82,'People living near sea mainly do?','Farming','Fishing','Mining','Teaching','b','Coastal people depend on fishing.','easy','2026-01-15 18:40:07'),(471,82,'Sugarcane is a?','Mineral','Crop','Animal','Machine','b','Sugarcane is an agricultural crop.','easy','2026-01-15 18:40:07'),(472,82,'Which occupation uses nets?','Fishing','Farming','Mining','Carpentry','a','Fishing uses nets.','easy','2026-01-15 18:40:07'),(473,82,'Who extract minerals?','Farmers','Fishermen','Miners','Teachers','c','Miners extract minerals.','easy','2026-01-15 18:40:07'),(474,82,'Doctors usually work in?','Hospitals','Schools','Fields','Factories','a','Doctors work in hospitals.','easy','2026-01-15 18:40:07'),(475,82,'Teachers usually work in?','Hospitals','Schools','Mines','Farms','b','Teachers work in schools.','easy','2026-01-15 18:40:07'),(476,82,'Which job needs special skills?','Skilled worker','Farmer','Fisherman','Miner','a','Skilled workers need special skills.','easy','2026-01-15 18:40:07'),(477,82,'Occupation helps people to?','Play','Sleep','Earn money','Travel','c','Occupation helps earn money.','easy','2026-01-15 18:40:07'),(478,82,'People should choose occupation based on?','Fashion','Skills','Friends','Weather','b','Skills decide occupation.','easy','2026-01-15 18:40:07'),(479,82,'Which is NOT an occupation?','Teaching','Farming','Playing','Fishing','c','Playing is not an occupation.','easy','2026-01-15 18:40:07');
/*!40000 ALTER TABLE `mcqs` ENABLE KEYS */;
UNLOCK TABLES;

--
-- Table structure for table `mental_math_progress`
--

DROP TABLE IF EXISTS `mental_math_progress`;
/*!40101 SET @saved_cs_client     = @@character_set_client */;
/*!40101 SET character_set_client = utf8 */;
CREATE TABLE `mental_math_progress` (
  `user_id` int(11) NOT NULL,
  `current_level` int(11) DEFAULT 1,
  `total_problems` int(11) DEFAULT 0,
  `avg_accuracy` float DEFAULT 0,
  `avg_speed` float DEFAULT 0,
  `last_updated` timestamp NOT NULL DEFAULT current_timestamp() ON UPDATE current_timestamp(),
  PRIMARY KEY (`user_id`)
) ENGINE=InnoDB DEFAULT CHARSET=utf8mb4 COLLATE=utf8mb4_general_ci;
/*!40101 SET character_set_client = @saved_cs_client */;

--
-- Dumping data for table `mental_math_progress`
--

LOCK TABLES `mental_math_progress` WRITE;
/*!40000 ALTER TABLE `mental_math_progress` DISABLE KEYS */;
/*!40000 ALTER TABLE `mental_math_progress` ENABLE KEYS */;
UNLOCK TABLES;

--
-- Table structure for table `notes`
--

DROP TABLE IF EXISTS `notes`;
/*!40101 SET @saved_cs_client     = @@character_set_client */;
/*!40101 SET character_set_client = utf8 */;
CREATE TABLE `notes` (
  `note_id` int(11) NOT NULL AUTO_INCREMENT,
  `chapter_id` int(11) NOT NULL,
  `title` varchar(200) NOT NULL,
  `file_path` varchar(255) DEFAULT NULL,
  `content` longtext DEFAULT NULL,
  `note_type` enum('pdf','html') DEFAULT 'html',
  `created_at` timestamp NOT NULL DEFAULT current_timestamp(),
  PRIMARY KEY (`note_id`),
  KEY `idx_chapter_id` (`chapter_id`)
) ENGINE=InnoDB AUTO_INCREMENT=25 DEFAULT CHARSET=utf8mb4 COLLATE=utf8mb4_unicode_ci;
/*!40101 SET character_set_client = @saved_cs_client */;

--
-- Dumping data for table `notes`
--

LOCK TABLES `notes` WRITE;
/*!40000 ALTER TABLE `notes` DISABLE KEYS */;
INSERT INTO `notes` VALUES (1,1,'Real Numbers - Complete Notes',NULL,'<h1>Real Numbers</h1><p>Real numbers include all rational and irrational numbers...</p>','html','2025-11-29 12:47:04'),(2,2,'Polynomials Study Guide',NULL,'<h1>Polynomials</h1><p>A polynomial is an expression consisting of variables and coefficients...</p>','html','2025-11-29 12:47:04'),(3,13,'सूर्य, चंद्र आणि पृथ्वी','uploads/notes/1766166465____________________________________________________.pdf','','pdf','2025-12-19 12:17:45'),(4,13,'sun, moon and earth','uploads/notes/1766501947____________________________________________________.pdf','','pdf','2025-12-23 09:29:07'),(5,14,'ELECTRICITY','uploads/notes/1766502046_The_Electricity_Sketchbook.pdf','','pdf','2025-12-23 09:30:46'),(6,14,'electricity','uploads/notes/1766504305_Acid_Base_Detectives.pdf','','pdf','2025-12-23 10:08:25'),(10,79,'NATIONAL SYMBOLS','https://drive.google.com/uc?export=download&id=1NxyQbRjbt5PMdtRzPgDhID3B4x6UNCRM','','pdf','2026-01-14 20:05:42'),(14,15,'EARLY HUMANS','https://drive.google.com/file/d/1mSLv9LzaYu4ZRyCh0nOU1v1dpLZr0ttL/view?usp=drive_link','','pdf','2026-01-14 20:28:08'),(15,77,'INDUS VALLEY CIVILISATION','https://drive.google.com/file/d/12gD-R9qicDSxctc_jW2xbRlVQ2J0Nktd/view?usp=drive_link','','pdf','2026-01-14 20:33:12'),(16,78,'OUR GOVERNMENT','https://drive.google.com/file/d/1ey5lLlhEP_G_gi0fculCtk0KlVGZZTQ5/view?usp=drive_link','','pdf','2026-01-14 20:33:32'),(20,82,'DIFFERENT OCCUPATIONS','https://drive.google.com/file/d/13S_KscXwxgGbUD8ApYeOl1vWxw3TCPQs/view?usp=drive_link','','pdf','2026-01-15 18:43:23'),(21,78,'OUR GOVERNMENT','https://drive.google.com/file/d/1ey5lLlhEP_G_gi0fculCtk0KlVGZZTQ5/view?usp=sharing','','pdf','2026-01-15 18:44:51'),(22,80,'OUR GREAT LEADERS','https://drive.google.com/file/d/1clc9pKXuQBCMIMC-d4BdgsJg6UZINcV_/view?usp=sharing','','pdf','2026-01-15 18:45:31'),(23,81,'TRANSPORT AND COMMUNICATIONS','https://drive.google.com/file/d/1so9Uf9XECpo3RM7WJ3PrDVo34F62vgNh/view?usp=sharing','','pdf','2026-01-15 18:46:12'),(24,83,'OUR ENVIRONMENT','https://drive.google.com/file/d/1bE9O1z__q_Ad4o5qwINsvKgRVbEl7Jj4/view?usp=sharing','','pdf','2026-01-15 18:59:35');
/*!40000 ALTER TABLE `notes` ENABLE KEYS */;
UNLOCK TABLES;

--
-- Table structure for table `notifications`
--

DROP TABLE IF EXISTS `notifications`;
/*!40101 SET @saved_cs_client     = @@character_set_client */;
/*!40101 SET character_set_client = utf8 */;
CREATE TABLE `notifications` (
  `notification_id` int(11) NOT NULL AUTO_INCREMENT,
  `teacher_id` int(11) NOT NULL,
  `class_id` int(11) NOT NULL,
  `title` varchar(200) NOT NULL,
  `message` text NOT NULL,
  `created_at` timestamp NOT NULL DEFAULT current_timestamp(),
  PRIMARY KEY (`notification_id`),
  KEY `idx_teacher_id` (`teacher_id`),
  KEY `idx_class_id` (`class_id`)
) ENGINE=InnoDB AUTO_INCREMENT=3 DEFAULT CHARSET=utf8mb4 COLLATE=utf8mb4_unicode_ci;
/*!40101 SET character_set_client = @saved_cs_client */;

--
-- Dumping data for table `notifications`
--

LOCK TABLES `notifications` WRITE;
/*!40000 ALTER TABLE `notifications` DISABLE KEYS */;
INSERT INTO `notifications` VALUES (1,2,10,'Homework Assignment','Complete Chapter 1 exercises by Friday. Focus on problems 1-10.','2025-11-29 12:47:04'),(2,2,10,'Test Announcement','Unit test on Real Numbers and Polynomials scheduled for next Monday.','2025-11-29 12:47:04');
/*!40000 ALTER TABLE `notifications` ENABLE KEYS */;
UNLOCK TABLES;

--
-- Table structure for table `otp_store`
--

DROP TABLE IF EXISTS `otp_store`;
/*!40101 SET @saved_cs_client     = @@character_set_client */;
/*!40101 SET character_set_client = utf8 */;
CREATE TABLE `otp_store` (
  `id` int(11) NOT NULL AUTO_INCREMENT,
  `mobile` varchar(15) NOT NULL,
  `otp` varchar(6) NOT NULL,
  `verified` tinyint(1) DEFAULT 0,
  `created_at` timestamp NOT NULL DEFAULT current_timestamp(),
  `expires_at` timestamp NULL DEFAULT NULL,
  PRIMARY KEY (`id`)
) ENGINE=InnoDB AUTO_INCREMENT=4 DEFAULT CHARSET=utf8mb4 COLLATE=utf8mb4_unicode_ci;
/*!40101 SET character_set_client = @saved_cs_client */;

--
-- Dumping data for table `otp_store`
--

LOCK TABLES `otp_store` WRITE;
/*!40000 ALTER TABLE `otp_store` DISABLE KEYS */;
/*!40000 ALTER TABLE `otp_store` ENABLE KEYS */;
UNLOCK TABLES;

--
-- Table structure for table `quick_revision`
--

DROP TABLE IF EXISTS `quick_revision`;
/*!40101 SET @saved_cs_client     = @@character_set_client */;
/*!40101 SET character_set_client = utf8 */;
CREATE TABLE `quick_revision` (
  `revision_id` int(11) NOT NULL AUTO_INCREMENT,
  `chapter_id` int(11) NOT NULL,
  `title` varchar(255) NOT NULL,
  `key_points` longtext CHARACTER SET utf8mb4 COLLATE utf8mb4_bin NOT NULL CHECK (json_valid(`key_points`)),
  `summary` text DEFAULT NULL,
  `created_at` timestamp NOT NULL DEFAULT current_timestamp(),
  PRIMARY KEY (`revision_id`),
  KEY `chapter_id` (`chapter_id`)
) ENGINE=InnoDB AUTO_INCREMENT=24 DEFAULT CHARSET=utf8mb4 COLLATE=utf8mb4_general_ci;
/*!40101 SET character_set_client = @saved_cs_client */;

--
-- Dumping data for table `quick_revision`
--

LOCK TABLES `quick_revision` WRITE;
/*!40000 ALTER TABLE `quick_revision` DISABLE KEYS */;
INSERT INTO `quick_revision` VALUES (1,13,'Geography Quick Revision','[{\"q\":\"What is the capital of France?\",\"a\":\"Paris\"},{\"q\":\"What process converts light to energy?\",\"a\":\"Photosynthesis\"},{\"q\":\"How many planets are in the solar system?\",\"a\":\"8 planets\"},{\"q\":\"How much of Earth surface is water?\",\"a\":\"71%\"},{\"q\":\"What is the highest peak on Earth?\",\"a\":\"Mount Everest\"}]','This chapter covers basic geography concepts including capitals, natural processes, and planetary facts.','2025-12-30 13:59:35'),(13,15,'EARLY HUMANS','[{\"q\":\"\\ufeffQuestion\",\"a\":\"Answer\"},{\"q\":\"Who were early humans?\",\"a\":\"Early humans were the first people who lived long ago. They depended on nature for food, shelter, and protection.\"},{\"q\":\"What kind of life did early humans lead?\",\"a\":\"Early humans led a nomadic life. They moved from place to place in search of food, water, and shelter.\"},{\"q\":\"Why did early humans live a nomadic life?\",\"a\":\"Early humans did not know farming. They moved to find food, water, and safe shelter.\"},{\"q\":\"Where did early humans live?\",\"a\":\"Early humans lived in caves and on branches of trees to protect themselves from wild animals and bad weather.\"},{\"q\":\"What were early humans called and why?\",\"a\":\"Early humans were called hunters and gatherers because they hunted animals and gathered fruits, roots, and eggs.\"},{\"q\":\"What food did early humans eat?\",\"a\":\"Early humans ate meat of animals and birds, fruits, roots, and eggs collected from nature.\"},{\"q\":\"What clothes did early humans wear?\",\"a\":\"Early humans did not wear stitched clothes. They used leaves, tree bark, and animal skin to cover their bodies.\"},{\"q\":\"What tools did early humans use?\",\"a\":\"Early humans mostly used stone tools. Sometimes tools were also made from animal bones and horns.\"},{\"q\":\"Why were stone tools important?\",\"a\":\"Stone tools helped early humans hunt animals, cut meat, and dig roots from the ground.\"},{\"q\":\"How did early humans improve their tools?\",\"a\":\"They tied sharp stones to wooden sticks. This helped them hunt animals from a distance.\"},{\"q\":\"How was fire discovered?\",\"a\":\"Fire was discovered when early humans rubbed two stones together and produced sparks.\"},{\"q\":\"What were the uses of fire?\",\"a\":\"Fire was used for cooking food, keeping warm, giving light, and protecting from wild animals.\"},{\"q\":\"Why was the discovery of fire important?\",\"a\":\"Fire improved daily life and played a major role in the development of human civilisation.\"},{\"q\":\"How did early humans begin farming?\",\"a\":\"Early humans noticed that seeds thrown on the ground grew into plants. This led to farming.\"},{\"q\":\"What is farming?\",\"a\":\"Farming means growing crops for food. It helped humans produce their own food.\"},{\"q\":\"How did farming change human life?\",\"a\":\"Farming allowed humans to stay in one place and start a settled life.\"},{\"q\":\"How was the wheel invented?\",\"a\":\"Early humans saw a log rolling down a hill. This gave them the idea of the wheel.\"},{\"q\":\"What were the uses of the wheel?\",\"a\":\"The wheel helped in carrying heavy loads, making carts, pottery, and weaving clothes.\"},{\"q\":\"Why was the wheel an important invention?\",\"a\":\"The wheel made work easier and improved transport and daily life.\"},{\"q\":\"What is pottery?\",\"a\":\"Pottery is the art of making pots. Early humans used the wheel to make pots.\"},{\"q\":\"What is a settled life?\",\"a\":\"A settled life means living in one place permanently instead of moving from place to place.\"},{\"q\":\"How did farming and the wheel help humans live a settled life?\",\"a\":\"Farming provided regular food and the wheel made daily work easier.\"},{\"q\":\"Which discoveries helped in the development of civilisation?\",\"a\":\"The discovery of fire, farming, and the invention of the wheel helped develop civilisation.\"},{\"q\":\"Why are early humans associated with the Stone Age?\",\"a\":\"Early humans mainly used stone tools. Therefore, this period is called the Stone Age.\"},{\"q\":\"How did caves help early humans?\",\"a\":\"Caves gave shelter and protected early humans from wild animals and harsh weather.\"},{\"q\":\"How did early humans protect themselves from wild animals?\",\"a\":\"Early humans used fire and lived in safe places like caves.\"},{\"q\":\"What changes occurred in human life over time?\",\"a\":\"Humans discovered fire, farming, and the wheel which improved their lifestyle.\"},{\"q\":\"Why is it important to study early human life?\",\"a\":\"It helps us understand how human civilisation developed step by step.\"}]','EARLY HUMANS','2026-01-04 14:12:38'),(21,16,'थेंब','[{\"q\":\"\\ufeffQuestion\",\"a\":\"Answer\"},{\"q\":\"\\u0925\\u0947\\u0902\\u092c \\u0915\\u094b\\u0923\\u0924\\u094d\\u092f\\u093e \\u0920\\u093f\\u0915\\u093e\\u0923\\u0940 \\u092c\\u0938\\u0932\\u0947 \\u0939\\u094b\\u0924\\u0947 \\u0924\\u0947 \\u0938\\u0935\\u093f\\u0938\\u094d\\u0924\\u0930 \\u0938\\u093e\\u0902\\u0917\\u093e.\",\"a\":\"\\u0925\\u0947\\u0902\\u092c \\u0906\\u0915\\u093e\\u0936\\u093e\\u0924\\u0942\\u0928 \\u092f\\u0947\\u090a\\u0928 \\u091b\\u094b\\u091f\\u094d\\u092f\\u093e \\u091b\\u094b\\u091f\\u094d\\u092f\\u093e \\u092a\\u093e\\u0928\\u093e\\u0902\\u0935\\u0930 \\u092c\\u0938\\u0932\\u0947 \\u0939\\u094b\\u0924\\u0947. \\u0924\\u0947 \\u092a\\u093e\\u0928\\u093e\\u0902\\u0935\\u0930 \\u0905\\u0932\\u0917\\u0926 \\u092c\\u0938\\u0942\\u0928 \\u0939\\u0935\\u0947\\u0924 \\u0939\\u0932\\u0915\\u0947\\u091a \\u0921\\u094b\\u0932\\u0924 \\u0939\\u094b\\u0924\\u0947 \\u0906\\u0923\\u093f \\u0928\\u093f\\u0938\\u0930\\u094d\\u0917\\u093e\\u091a\\u0947 \\u0938\\u0941\\u0902\\u0926\\u0930 \\u0926\\u0943\\u0936\\u094d\\u092f \\u0928\\u093f\\u0930\\u094d\\u092e\\u093e\\u0923 \\u0915\\u0930\\u0924 \\u0939\\u094b\\u0924\\u0947.\"},{\"q\":\"\\u0915\\u0935\\u093f\\u0924\\u0947\\u0924 \\u0925\\u0947\\u0902\\u092c \\u0915\\u0936\\u093e\\u092a\\u094d\\u0930\\u0915\\u093e\\u0930\\u0947 \\u0939\\u093e\\u0932\\u091a\\u093e\\u0932 \\u0915\\u0930\\u0924\\u093e\\u0928\\u093e \\u0926\\u093e\\u0916\\u0935\\u0932\\u0947 \\u0906\\u0939\\u0947\\u0924?\",\"a\":\"\\u0915\\u0935\\u093f\\u0924\\u0947\\u0924 \\u0925\\u0947\\u0902\\u092c \\u0935\\u093e\\u0939\\u0924\\u094d\\u092f\\u093e \\u0939\\u0935\\u0947\\u0924 \\u0921\\u094b\\u0932\\u0924 \\u0905\\u0938\\u0932\\u094d\\u092f\\u093e\\u091a\\u0947 \\u0938\\u093e\\u0902\\u0917\\u093f\\u0924\\u0932\\u0947 \\u0906\\u0939\\u0947. \\u0924\\u0947 \\u0938\\u094d\\u0925\\u093f\\u0930 \\u0928 \\u0930\\u093e\\u0939\\u0924\\u093e \\u0939\\u0932\\u0915\\u0947\\u091a \\u0907\\u0915\\u0921\\u0947 \\u0924\\u093f\\u0915\\u0921\\u0947 \\u0939\\u0932\\u0924 \\u0905\\u0938\\u0924\\u093e\\u0924.\"},{\"q\":\"\\u0925\\u0947\\u0902\\u092c \\u0906\\u0923\\u093f \\u0907\\u0902\\u0926\\u094d\\u0930\\u0927\\u0928\\u0941\\u0937\\u094d\\u092f \\u092f\\u093e\\u0902\\u091a\\u093e \\u0938\\u0902\\u092c\\u0902\\u0927 \\u0938\\u094d\\u092a\\u0937\\u094d\\u091f \\u0915\\u0930\\u093e.\",\"a\":\"\\u0925\\u0947\\u0902\\u092c \\u0907\\u0902\\u0926\\u094d\\u0930\\u0927\\u0928\\u0941\\u0937\\u094d\\u092f\\u093e\\u091a\\u0947 \\u0938\\u0941\\u0902\\u0926\\u0930 \\u0930\\u0902\\u0917 \\u0926\\u093e\\u0916\\u0935\\u0924\\u093e\\u0924. \\u092a\\u093e\\u0935\\u0938\\u093e\\u091a\\u094d\\u092f\\u093e \\u0925\\u0947\\u0902\\u092c\\u093e\\u0902\\u092e\\u0941\\u0933\\u0947 \\u0906\\u0915\\u093e\\u0936\\u093e\\u0924 \\u0907\\u0902\\u0926\\u094d\\u0930\\u0927\\u0928\\u0941\\u0937\\u094d\\u092f \\u0926\\u093f\\u0938\\u0924\\u0947 \\u0906\\u0923\\u093f \\u0924\\u094d\\u092f\\u093e\\u092e\\u0941\\u0933\\u0947 \\u0926\\u0943\\u0936\\u094d\\u092f \\u0905\\u0927\\u093f\\u0915 \\u0906\\u0915\\u0930\\u094d\\u0937\\u0915 \\u092c\\u0928\\u0924\\u0947.\"},{\"q\":\"\\u0925\\u0947\\u0902\\u092c \\u0915\\u094b\\u0935\\u0933\\u094d\\u092f\\u093e \\u0917\\u0935\\u0924\\u093e\\u0935\\u0930 \\u091d\\u094b\\u092a\\u0932\\u094d\\u092f\\u093e\\u091a\\u0947 \\u0915\\u0935\\u093f\\u0924\\u0947\\u0924 \\u0915\\u093e \\u0938\\u093e\\u0902\\u0917\\u093f\\u0924\\u0932\\u0947 \\u0906\\u0939\\u0947?\",\"a\":\"\\u092a\\u093e\\u0935\\u0938\\u093e\\u091a\\u0947 \\u0925\\u0947\\u0902\\u092c \\u091c\\u092e\\u093f\\u0928\\u0940\\u0935\\u0930 \\u092a\\u0921\\u0942\\u0928 \\u0917\\u0935\\u0924\\u093e\\u0932\\u093e \\u0924\\u093e\\u091c\\u0947\\u092a\\u0923\\u093e \\u0926\\u0947\\u0924\\u093e\\u0924. \\u092e\\u094d\\u0939\\u0923\\u0942\\u0928 \\u0915\\u0935\\u093f\\u0924\\u0947\\u0924 \\u0925\\u0947\\u0902\\u092c \\u0915\\u094b\\u0935\\u0933\\u094d\\u092f\\u093e \\u0917\\u0935\\u0924\\u093e\\u0935\\u0930 \\u091d\\u094b\\u092a\\u0932\\u0947 \\u0905\\u0938\\u0947 \\u0938\\u093e\\u0902\\u0917\\u093f\\u0924\\u0932\\u0947 \\u0906\\u0939\\u0947.\"},{\"q\":\"\\u0925\\u0947\\u0902\\u092c \\u0915\\u0935\\u093f\\u0924\\u0947\\u092e\\u0941\\u0933\\u0947 \\u0906\\u092a\\u0932\\u094d\\u092f\\u093e\\u0932\\u093e \\u0928\\u093f\\u0938\\u0930\\u094d\\u0917\\u093e\\u092c\\u0926\\u094d\\u0926\\u0932 \\u0915\\u093e\\u092f \\u0936\\u093f\\u0915\\u093e\\u092f\\u0932\\u093e \\u092e\\u093f\\u0933\\u0924\\u0947?\",\"a\":\"\\u0939\\u0940 \\u0915\\u0935\\u093f\\u0924\\u093e \\u0906\\u092a\\u0932\\u094d\\u092f\\u093e\\u0932\\u093e \\u0928\\u093f\\u0938\\u0930\\u094d\\u0917\\u093e\\u091a\\u0947 \\u0938\\u094c\\u0902\\u0926\\u0930\\u094d\\u092f \\u0913\\u0933\\u0916\\u093e\\u092f\\u0932\\u093e \\u0936\\u093f\\u0915\\u0935\\u0924\\u0947. \\u0932\\u0939\\u093e\\u0928 \\u0932\\u0939\\u093e\\u0928 \\u0925\\u0947\\u0902\\u092c\\u0939\\u0940 \\u0928\\u093f\\u0938\\u0930\\u094d\\u0917\\u093e\\u0938\\u093e\\u0920\\u0940 \\u0915\\u093f\\u0924\\u0940 \\u092e\\u0939\\u0924\\u094d\\u0924\\u094d\\u0935\\u093e\\u091a\\u0947 \\u0905\\u0938\\u0924\\u093e\\u0924 \\u0939\\u0947 \\u0938\\u092e\\u091c\\u0924\\u0947.\"}]','थेंब','2026-01-10 09:06:09'),(22,77,'INDUS VALLEY CIVILSATION','[{\"q\":\"\\ufeffQuestion\",\"a\":\"Answer\",\"e\":\"Explanation\"},{\"q\":\"What is the Indus Valley Civilisation?\",\"a\":\"It was the earliest civilisation in the Indian subcontinent.\",\"e\":\"\\u0938\\u093f\\u0902\\u0927\\u0942 \\u0916\\u094b\\u0930\\u0947 \\u0938\\u0902\\u0938\\u094d\\u0915\\u0943\\u0924\\u0940 \\u0939\\u0940 \\u092d\\u093e\\u0930\\u0924\\u0940\\u092f \\u0909\\u092a\\u0916\\u0902\\u0921\\u093e\\u0924\\u0940\\u0932 \\u0938\\u0930\\u094d\\u0935\\u093e\\u0924 \\u092a\\u094d\\u0930\\u093e\\u091a\\u0940\\u0928 \\u0938\\u0902\\u0938\\u094d\\u0915\\u0943\\u0924\\u0940 \\u0939\\u094b\\u0924\\u0940. \\u092f\\u0947\\u0925\\u0947 \\u0932\\u094b\\u0915 \\u090f\\u0915\\u0924\\u094d\\u0930 \\u0930\\u093e\\u0939\\u0942\\u0928 \\u0928\\u093f\\u092f\\u094b\\u091c\\u0928\\u092c\\u0926\\u094d\\u0927 \\u091c\\u0940\\u0935\\u0928 \\u091c\\u0917\\u0924 \\u0939\\u094b\\u0924\\u0947.\"},{\"q\":\"When did the Indus Valley Civilisation flourish?\",\"a\":\"It flourished between 2500 and 1500 BCE.\",\"e\":\"\\u0939\\u0940 \\u0938\\u0902\\u0938\\u094d\\u0915\\u0943\\u0924\\u0940 \\u0907.\\u0938.\\u092a\\u0942. \\u0968\\u096b\\u0966\\u0966 \\u0924\\u0947 \\u0967\\u096b\\u0966\\u0966 \\u092f\\u093e \\u0915\\u093e\\u0933\\u093e\\u0924 \\u0935\\u093f\\u0915\\u0938\\u093f\\u0924 \\u091d\\u093e\\u0932\\u0940.\"},{\"q\":\"Where was the Indus Valley Civilisation located?\",\"a\":\"It was located around the Indus river and its tributaries.\",\"e\":\"\\u0939\\u0940 \\u0938\\u0902\\u0938\\u094d\\u0915\\u0943\\u0924\\u0940 \\u0938\\u093f\\u0902\\u0927\\u0942 \\u0928\\u0926\\u0940 \\u0935 \\u0924\\u093f\\u091a\\u094d\\u092f\\u093e \\u0909\\u092a\\u0928\\u0926\\u094d\\u092f\\u093e\\u0902\\u091a\\u094d\\u092f\\u093e \\u0906\\u0938\\u092a\\u093e\\u0938 \\u0935\\u0938\\u0932\\u0947\\u0932\\u0940 \\u0939\\u094b\\u0924\\u0940.\"},{\"q\":\"Name any two cities of the Indus Valley Civilisation.\",\"a\":\"Harappa and Mohenjo-daro.\",\"e\":\"\\u0939\\u0930\\u092a\\u094d\\u092a\\u093e \\u0906\\u0923\\u093f \\u092e\\u094b\\u0939\\u0928\\u091c\\u094b\\u0926\\u0921\\u094b \\u0939\\u0940 \\u0938\\u093f\\u0902\\u0927\\u0942 \\u0938\\u0902\\u0938\\u094d\\u0915\\u0943\\u0924\\u0940\\u0924\\u0940\\u0932 \\u092a\\u094d\\u0930\\u092e\\u0941\\u0916 \\u0936\\u0939\\u0930\\u0947 \\u0939\\u094b\\u0924\\u0940.\"},{\"q\":\"What were the houses made of?\",\"a\":\"They were made of baked bricks.\",\"e\":\"\\u0918\\u0930\\u0947 \\u092d\\u093e\\u091c\\u0932\\u0947\\u0932\\u094d\\u092f\\u093e \\u0935\\u093f\\u091f\\u093e\\u0902\\u0928\\u0940 \\u092c\\u093e\\u0902\\u0927\\u0932\\u0947\\u0932\\u0940 \\u0939\\u094b\\u0924\\u0940, \\u092f\\u093e\\u092e\\u0941\\u0933\\u0947 \\u0924\\u0940 \\u092e\\u091c\\u092c\\u0942\\u0924 \\u0939\\u094b\\u0924\\u0940.\"},{\"q\":\"Which building was used to store grains?\",\"a\":\"The Great Granary.\",\"e\":\"\\u092e\\u0939\\u093e\\u0928 \\u0927\\u093e\\u0928\\u094d\\u092f\\u0915\\u094b\\u0920\\u093e\\u0930\\u093e\\u0924 \\u0905\\u0928\\u094d\\u0928\\u0927\\u093e\\u0928\\u094d\\u092f \\u0938\\u093e\\u0920\\u0935\\u0932\\u0947 \\u091c\\u093e\\u0924 \\u0905\\u0938\\u0947.\"},{\"q\":\"What crops did the people grow?\",\"a\":\"Wheat, rice and barley.\",\"e\":\"\\u0936\\u0947\\u0924\\u0940 \\u0939\\u093e \\u092e\\u0941\\u0916\\u094d\\u092f \\u0935\\u094d\\u092f\\u0935\\u0938\\u093e\\u092f \\u0905\\u0938\\u0942\\u0928 \\u0917\\u0939\\u0942, \\u0924\\u093e\\u0902\\u0926\\u0942\\u0933 \\u0906\\u0923\\u093f \\u092c\\u093e\\u0930\\u094d\\u0932\\u0940 \\u092a\\u093f\\u0915\\u0947 \\u0918\\u0947\\u0924\\u0932\\u0940 \\u091c\\u093e\\u0924.\"},{\"q\":\"What did the Indus people worship?\",\"a\":\"They worshipped nature.\",\"e\":\"\\u0938\\u093f\\u0902\\u0927\\u0942 \\u0938\\u0902\\u0938\\u094d\\u0915\\u0943\\u0924\\u0940\\u0924\\u0940\\u0932 \\u0932\\u094b\\u0915 \\u0928\\u093f\\u0938\\u0930\\u094d\\u0917\\u092a\\u0942\\u091c\\u0915 \\u0939\\u094b\\u0924\\u0947.\"},{\"q\":\"Describe the town planning of Indus cities.\",\"a\":\"Cities had straight roads and proper drainage.\",\"e\":\"\\u0936\\u0939\\u0930\\u0947 \\u0928\\u093f\\u092f\\u094b\\u091c\\u0928\\u092c\\u0926\\u094d\\u0927 \\u0939\\u094b\\u0924\\u0940. \\u0930\\u0938\\u094d\\u0924\\u0947 \\u0938\\u0930\\u0933 \\u0935 \\u0930\\u0941\\u0902\\u0926 \\u0939\\u094b\\u0924\\u0947 \\u0924\\u0938\\u0947\\u091a \\u091d\\u093e\\u0915\\u0932\\u0947\\u0932\\u0940 \\u0928\\u093f\\u091a\\u0930\\u093e \\u0935\\u094d\\u092f\\u0935\\u0938\\u094d\\u0925\\u093e \\u0939\\u094b\\u0924\\u0940.\"},{\"q\":\"Explain the importance of the Great Bath.\",\"a\":\"It was a large water tank for special occasions.\",\"e\":\"\\u092e\\u0939\\u093e\\u0928 \\u0938\\u094d\\u0928\\u093e\\u0928\\u0917\\u0943\\u0939 \\u0927\\u093e\\u0930\\u094d\\u092e\\u093f\\u0915 \\u0915\\u093f\\u0902\\u0935\\u093e \\u0935\\u093f\\u0936\\u0947\\u0937 \\u092a\\u094d\\u0930\\u0938\\u0902\\u0917\\u0940 \\u0935\\u093e\\u092a\\u0930\\u0932\\u0947 \\u091c\\u093e\\u0924 \\u0905\\u0938\\u093e\\u0935\\u0947 \\u0905\\u0938\\u0947 \\u092e\\u093e\\u0928\\u0932\\u0947 \\u091c\\u093e\\u0924\\u0947.\"},{\"q\":\"What occupations did the people follow?\",\"a\":\"Farming, crafts, trade and building.\",\"e\":\"\\u0932\\u094b\\u0915 \\u0936\\u0947\\u0924\\u0940, \\u0915\\u093e\\u0930\\u093e\\u0917\\u093f\\u0930\\u0940, \\u0935\\u094d\\u092f\\u093e\\u092a\\u093e\\u0930 \\u0935 \\u092c\\u093e\\u0902\\u0927\\u0915\\u093e\\u092e \\u0905\\u0936\\u0940 \\u0915\\u093e\\u092e\\u0947 \\u0915\\u0930\\u0924.\"},{\"q\":\"Describe the lifestyle of Indus people.\",\"a\":\"They lived an organised life.\",\"e\":\"\\u0932\\u094b\\u0915\\u093e\\u0902\\u091a\\u0947 \\u091c\\u0940\\u0935\\u0928 \\u0936\\u093f\\u0938\\u094d\\u0924\\u092c\\u0926\\u094d\\u0927 \\u0935 \\u0938\\u0941\\u0935\\u094d\\u092f\\u0935\\u0938\\u094d\\u0925\\u093f\\u0924 \\u0939\\u094b\\u0924\\u0947.\"},{\"q\":\"How did people communicate?\",\"a\":\"Through picture symbols.\",\"e\":\"\\u0932\\u094b\\u0915 \\u091a\\u093f\\u0924\\u094d\\u0930\\u0947 \\u0935 \\u091a\\u093f\\u0928\\u094d\\u0939\\u093e\\u0902\\u091a\\u094d\\u092f\\u093e \\u092e\\u093e\\u0927\\u094d\\u092f\\u092e\\u093e\\u0924\\u0942\\u0928 \\u0938\\u0902\\u0935\\u093e\\u0926 \\u0938\\u093e\\u0927\\u0924.\"},{\"q\":\"What were the possible reasons for decline?\",\"a\":\"Floods, diseases and earthquakes.\",\"e\":\"\\u092a\\u0942\\u0930, \\u0930\\u094b\\u0917\\u0930\\u093e\\u0908 \\u0935 \\u092d\\u0942\\u0915\\u0902\\u092a \\u0939\\u0940 \\u0931\\u094d\\u0939\\u093e\\u0938\\u093e\\u091a\\u0940 \\u0915\\u093e\\u0930\\u0923\\u0947 \\u0905\\u0938\\u093e\\u0935\\u0940\\u0924 \\u0905\\u0938\\u0947 \\u092e\\u093e\\u0928\\u0932\\u0947 \\u091c\\u093e\\u0924\\u0947.\"},{\"q\":\"Why is the Indus Valley Civilisation important?\",\"a\":\"It shows early planned urban life.\",\"e\":\"\\u0939\\u0940 \\u0938\\u0902\\u0938\\u094d\\u0915\\u0943\\u0924\\u0940 \\u0928\\u093f\\u092f\\u094b\\u091c\\u0928\\u092c\\u0926\\u094d\\u0927 \\u0936\\u0939\\u0930\\u0940 \\u091c\\u0940\\u0935\\u0928\\u093e\\u091a\\u0940 \\u0938\\u0941\\u0930\\u0941\\u0935\\u093e\\u0924 \\u0926\\u0930\\u094d\\u0936\\u0935\\u0924\\u0947.\"}]','INDUS VALLEY CIVILISATION','2026-01-14 19:56:25'),(23,78,'OUR GOVERNMENT','[{\"q\":\"What is government? (Short Answer)\",\"a\":\"A group of elected members who run the country.\",\"e\":\"\\u0936\\u093e\\u0938\\u0928 \\u092e\\u094d\\u0939\\u0923\\u091c\\u0947 \\u0926\\u0947\\u0936\\u093e\\u0924\\u0940\\u0932 \\u091c\\u0928\\u0924\\u0947\\u0928\\u0947 \\u0928\\u093f\\u0935\\u0921\\u0942\\u0928 \\u0926\\u093f\\u0932\\u0947\\u0932\\u094d\\u092f\\u093e \\u092a\\u094d\\u0930\\u0924\\u093f\\u0928\\u093f\\u0927\\u0940\\u0902\\u091a\\u093e \\u0938\\u092e\\u0942\\u0939 \\u0939\\u094b\\u092f. \\u0939\\u0947 \\u092a\\u094d\\u0930\\u0924\\u093f\\u0928\\u093f\\u0927\\u0940 \\u0926\\u0947\\u0936\\u093e\\u091a\\u0947 \\u0935\\u094d\\u092f\\u0935\\u0938\\u094d\\u0925\\u093e\\u092a\\u0928 \\u0935 \\u091c\\u0928\\u0915\\u0932\\u094d\\u092f\\u093e\\u0923\\u093e\\u0938\\u093e\\u0920\\u0940 \\u0928\\u093f\\u0930\\u094d\\u0923\\u092f \\u0918\\u0947\\u0924\\u093e\\u0924.\"},{\"q\":\"Where is the Central Government of India based? (Short Answer)\",\"a\":\"New Delhi.\",\"e\":\"\\u092d\\u093e\\u0930\\u0924\\u093e\\u091a\\u0947 \\u0915\\u0947\\u0902\\u0926\\u094d\\u0930\\u0940\\u092f \\u0936\\u093e\\u0938\\u0928 \\u0928\\u0935\\u0940 \\u0926\\u093f\\u0932\\u094d\\u0932\\u0940 \\u092f\\u0947\\u0925\\u0947 \\u0906\\u0939\\u0947. \\u0928\\u0935\\u0940 \\u0926\\u093f\\u0932\\u094d\\u0932\\u0940 \\u0939\\u0940 \\u092d\\u093e\\u0930\\u0924\\u093e\\u091a\\u0940 \\u0930\\u093e\\u091c\\u0927\\u093e\\u0928\\u0940 \\u0906\\u0939\\u0947.\"},{\"q\":\"How many levels of government are there in India? (Short Answer)\",\"a\":\"Three levels.\",\"e\":\"\\u092d\\u093e\\u0930\\u0924\\u093e\\u092e\\u0927\\u094d\\u092f\\u0947 \\u0936\\u093e\\u0938\\u0928 \\u0924\\u0940\\u0928 \\u0938\\u094d\\u0924\\u0930\\u093e\\u0902\\u0935\\u0930 \\u0915\\u093e\\u0930\\u094d\\u092f \\u0915\\u0930\\u0924\\u0947 \\u2013 \\u0915\\u0947\\u0902\\u0926\\u094d\\u0930\\u0940\\u092f \\u0936\\u093e\\u0938\\u0928, \\u0930\\u093e\\u091c\\u094d\\u092f \\u0936\\u093e\\u0938\\u0928 \\u0906\\u0923\\u093f \\u0938\\u094d\\u0925\\u093e\\u0928\\u093f\\u0915 \\u0936\\u093e\\u0938\\u0928.\"},{\"q\":\"Name the three levels of government in India. (Long Answer)\",\"a\":\"Central, State and Local Government.\",\"e\":\"\\u092d\\u093e\\u0930\\u0924\\u093e\\u092e\\u0927\\u094d\\u092f\\u0947 \\u0936\\u093e\\u0938\\u0928\\u093e\\u091a\\u0940 \\u0924\\u0940\\u0928 \\u092a\\u093e\\u0924\\u0933\\u0940 \\u0906\\u0939\\u0947\\u0924. \\u0915\\u0947\\u0902\\u0926\\u094d\\u0930\\u0940\\u092f \\u0936\\u093e\\u0938\\u0928 \\u0938\\u0902\\u092a\\u0942\\u0930\\u094d\\u0923 \\u0926\\u0947\\u0936\\u093e\\u0938\\u093e\\u0920\\u0940 \\u0927\\u094b\\u0930\\u0923\\u0947 \\u0920\\u0930\\u0935\\u0924\\u0947, \\u0930\\u093e\\u091c\\u094d\\u092f \\u0936\\u093e\\u0938\\u0928 \\u0930\\u093e\\u091c\\u094d\\u092f\\u093e\\u091a\\u0947 \\u092a\\u094d\\u0930\\u0936\\u093e\\u0938\\u0928 \\u092a\\u093e\\u0939\\u0924\\u0947 \\u0906\\u0923\\u093f \\u0938\\u094d\\u0925\\u093e\\u0928\\u093f\\u0915 \\u0936\\u093e\\u0938\\u0928 \\u0932\\u094b\\u0915\\u093e\\u0902\\u091a\\u094d\\u092f\\u093e \\u092e\\u0942\\u0932\\u092d\\u0942\\u0924 \\u0917\\u0930\\u091c\\u093e\\u0902\\u091a\\u0940 \\u0915\\u093e\\u0933\\u091c\\u0940 \\u0918\\u0947\\u0924\\u0947.\"},{\"q\":\"What are the main functions of the Central Government? (Long Answer)\",\"a\":\"Defence, foreign trade, railways and national welfare.\",\"e\":\"\\u0915\\u0947\\u0902\\u0926\\u094d\\u0930\\u0940\\u092f \\u0936\\u093e\\u0938\\u0928 \\u0926\\u0947\\u0936\\u093e\\u091a\\u0947 \\u0938\\u0902\\u0930\\u0915\\u094d\\u0937\\u0923 \\u0915\\u0930\\u0923\\u0947, \\u092a\\u0930\\u0915\\u0940\\u092f \\u0935\\u094d\\u092f\\u093e\\u092a\\u093e\\u0930 \\u0935 \\u0906\\u0902\\u0924\\u0930\\u0930\\u093e\\u0937\\u094d\\u091f\\u094d\\u0930\\u0940\\u092f \\u0938\\u0902\\u092c\\u0902\\u0927 \\u0938\\u093e\\u0902\\u092d\\u093e\\u0933\\u0923\\u0947, \\u0930\\u0947\\u0932\\u094d\\u0935\\u0947 \\u0935 \\u092a\\u094d\\u0930\\u092e\\u0941\\u0916 \\u0930\\u0938\\u094d\\u0924\\u094d\\u092f\\u093e\\u0902\\u091a\\u0940 \\u0926\\u0947\\u0916\\u092d\\u093e\\u0932 \\u0915\\u0930\\u0923\\u0947 \\u0924\\u0938\\u0947\\u091a \\u0938\\u0902\\u092a\\u0942\\u0930\\u094d\\u0923 \\u0926\\u0947\\u0936\\u093e\\u091a\\u094d\\u092f\\u093e \\u0915\\u0932\\u094d\\u092f\\u093e\\u0923\\u093e\\u0938\\u093e\\u0920\\u0940 \\u0928\\u093f\\u0930\\u094d\\u0923\\u092f \\u0918\\u0947\\u0924\\u0947.\"},{\"q\":\"Who are part of the Central Government? (Short Answer)\",\"a\":\"President, Prime Minister and Ministers.\",\"e\":\"\\u0930\\u093e\\u0937\\u094d\\u091f\\u094d\\u0930\\u092a\\u0924\\u0940, \\u092a\\u0902\\u0924\\u092a\\u094d\\u0930\\u0927\\u093e\\u0928 \\u0906\\u0923\\u093f \\u0907\\u0924\\u0930 \\u092e\\u0902\\u0924\\u094d\\u0930\\u0940 \\u0939\\u0947 \\u0915\\u0947\\u0902\\u0926\\u094d\\u0930\\u0940\\u092f \\u0936\\u093e\\u0938\\u0928\\u093e\\u091a\\u0947 \\u0918\\u091f\\u0915 \\u0906\\u0939\\u0947\\u0924.\"},{\"q\":\"How many states are there in India? (Short Answer)\",\"a\":\"28 states.\",\"e\":\"\\u092d\\u093e\\u0930\\u0924\\u093e\\u092e\\u0927\\u094d\\u092f\\u0947 \\u0938\\u0927\\u094d\\u092f\\u093e \\u090f\\u0915\\u0942\\u0923 \\u0968\\u096e \\u0930\\u093e\\u091c\\u094d\\u092f\\u0947 \\u0906\\u0939\\u0947\\u0924.\"},{\"q\":\"What does the State Government look after? (Long Answer)\",\"a\":\"Education, healthcare, transport and law &amp; order.\",\"e\":\"\\u0930\\u093e\\u091c\\u094d\\u092f \\u0936\\u093e\\u0938\\u0928 \\u0936\\u093f\\u0915\\u094d\\u0937\\u0923, \\u0906\\u0930\\u094b\\u0917\\u094d\\u092f \\u0938\\u0947\\u0935\\u093e, \\u0935\\u093e\\u0939\\u0924\\u0942\\u0915 \\u0935\\u094d\\u092f\\u0935\\u0938\\u094d\\u0925\\u093e \\u0906\\u0923\\u093f \\u0930\\u093e\\u091c\\u094d\\u092f\\u093e\\u0924\\u0940\\u0932 \\u0915\\u093e\\u092f\\u0926\\u093e \\u0935 \\u0938\\u0941\\u0935\\u094d\\u092f\\u0935\\u0938\\u094d\\u0925\\u093e \\u092f\\u093e\\u0902\\u091a\\u0940 \\u091c\\u092c\\u093e\\u092c\\u0926\\u093e\\u0930\\u0940 \\u0938\\u093e\\u0902\\u092d\\u093e\\u0933\\u0924\\u0947.\"},{\"q\":\"Who is the head of the State Government? (Short Answer)\",\"a\":\"Chief Minister.\",\"e\":\"\\u092e\\u0941\\u0916\\u094d\\u092f\\u092e\\u0902\\u0924\\u094d\\u0930\\u0940 \\u0939\\u093e \\u0930\\u093e\\u091c\\u094d\\u092f \\u0936\\u093e\\u0938\\u0928\\u093e\\u091a\\u093e \\u092a\\u094d\\u0930\\u092e\\u0941\\u0916 \\u0905\\u0938\\u0924\\u094b.\"},{\"q\":\"Who is the constitutional head of a state? (Short Answer)\",\"a\":\"Governor.\",\"e\":\"\\u0930\\u093e\\u091c\\u094d\\u092f\\u093e\\u091a\\u093e \\u0918\\u091f\\u0928\\u093e\\u0924\\u094d\\u092e\\u0915 \\u092a\\u094d\\u0930\\u092e\\u0941\\u0916 \\u0930\\u093e\\u091c\\u094d\\u092f\\u092a\\u093e\\u0932 \\u0905\\u0938\\u0924\\u094b.\"},{\"q\":\"How many Union Territories are there in India? (Short Answer)\",\"a\":\"Eight.\",\"e\":\"\\u092d\\u093e\\u0930\\u0924\\u093e\\u092e\\u0927\\u094d\\u092f\\u0947 \\u090f\\u0915\\u0942\\u0923 \\u096e \\u0915\\u0947\\u0902\\u0926\\u094d\\u0930\\u0936\\u093e\\u0938\\u093f\\u0924 \\u092a\\u094d\\u0930\\u0926\\u0947\\u0936 \\u0906\\u0939\\u0947\\u0924.\"},{\"q\":\"Who governs the Union Territories? (Short Answer)\",\"a\":\"Central Government.\",\"e\":\"\\u0915\\u0947\\u0902\\u0926\\u094d\\u0930\\u0936\\u093e\\u0938\\u093f\\u0924 \\u092a\\u094d\\u0930\\u0926\\u0947\\u0936\\u093e\\u0902\\u091a\\u0947 \\u0936\\u093e\\u0938\\u0928 \\u0938\\u0902\\u092a\\u0942\\u0930\\u094d\\u0923\\u092a\\u0923\\u0947 \\u0915\\u093f\\u0902\\u0935\\u093e \\u0905\\u0902\\u0936\\u0924\\u0903 \\u0915\\u0947\\u0902\\u0926\\u094d\\u0930\\u0940\\u092f \\u0936\\u093e\\u0938\\u0928\\u093e\\u0915\\u0921\\u0942\\u0928 \\u0915\\u0947\\u0932\\u0947 \\u091c\\u093e\\u0924\\u0947.\"},{\"q\":\"What is Local Level Government? (Long Answer)\",\"a\":\"Government for cities, towns and villages.\",\"e\":\"\\u0938\\u094d\\u0925\\u093e\\u0928\\u093f\\u0915 \\u0936\\u093e\\u0938\\u0928 \\u0936\\u0939\\u0930, \\u0928\\u0917\\u0930 \\u0906\\u0923\\u093f \\u0917\\u093e\\u0935\\u093e\\u0902\\u092e\\u0927\\u0940\\u0932 \\u0932\\u094b\\u0915\\u093e\\u0902\\u091a\\u094d\\u092f\\u093e \\u0926\\u0948\\u0928\\u0902\\u0926\\u093f\\u0928 \\u0935 \\u092e\\u0942\\u0932\\u092d\\u0942\\u0924 \\u0917\\u0930\\u091c\\u093e \\u091c\\u0938\\u0947 \\u092a\\u093e\\u0923\\u0940\\u092a\\u0941\\u0930\\u0935\\u0920\\u093e, \\u0938\\u094d\\u0935\\u091a\\u094d\\u091b\\u0924\\u093e, \\u0930\\u0938\\u094d\\u0924\\u0947 \\u0935 \\u0909\\u0926\\u094d\\u092f\\u093e\\u0928\\u0947 \\u092f\\u093e\\u0902\\u091a\\u0940 \\u0935\\u094d\\u092f\\u0935\\u0938\\u094d\\u0925\\u093e \\u0915\\u0930\\u0924\\u0947.\"},{\"q\":\"Name the local government body in villages. (Short Answer)\",\"a\":\"Gram Panchayat.\",\"e\":\"\\u0917\\u094d\\u0930\\u093e\\u092e\\u0940\\u0923 \\u092d\\u093e\\u0917\\u093e\\u0924 \\u0917\\u094d\\u0930\\u093e\\u092e\\u092a\\u0902\\u091a\\u093e\\u092f\\u0924 \\u0939\\u0940 \\u0938\\u094d\\u0925\\u093e\\u0928\\u093f\\u0915 \\u0936\\u093e\\u0938\\u0928\\u093e\\u091a\\u0940 \\u092e\\u0941\\u0916\\u094d\\u092f \\u0938\\u0902\\u0938\\u094d\\u0925\\u093e \\u0905\\u0938\\u0924\\u0947.\"},{\"q\":\"Why is local government important? (Long Answer)\",\"a\":\"It manages daily needs of people.\",\"e\":\"\\u0938\\u094d\\u0925\\u093e\\u0928\\u093f\\u0915 \\u0936\\u093e\\u0938\\u0928 \\u0932\\u094b\\u0915\\u093e\\u0902\\u091a\\u094d\\u092f\\u093e \\u0926\\u0948\\u0928\\u0902\\u0926\\u093f\\u0928 \\u0917\\u0930\\u091c\\u093e \\u092a\\u0942\\u0930\\u094d\\u0923 \\u0915\\u0930\\u0924\\u0947. \\u0924\\u094d\\u092f\\u093e\\u092e\\u0941\\u0933\\u0947 \\u092a\\u094d\\u0930\\u0936\\u093e\\u0938\\u0928 \\u0925\\u0947\\u091f \\u091c\\u0928\\u0924\\u0947\\u092a\\u0930\\u094d\\u092f\\u0902\\u0924 \\u092a\\u094b\\u0939\\u094b\\u091a\\u0924\\u0947 \\u0935 \\u091c\\u0940\\u0935\\u0928\\u092e\\u093e\\u0928 \\u0938\\u0941\\u0927\\u093e\\u0930\\u0924\\u0947.\"}]','OUR GOVERNMENT','2026-01-14 19:57:01');
/*!40000 ALTER TABLE `quick_revision` ENABLE KEYS */;
UNLOCK TABLES;

--
-- Table structure for table `student_mental_math_progress`
--

DROP TABLE IF EXISTS `student_mental_math_progress`;
/*!40101 SET @saved_cs_client     = @@character_set_client */;
/*!40101 SET character_set_client = utf8 */;
CREATE TABLE `student_mental_math_progress` (
  `progress_id` int(11) NOT NULL AUTO_INCREMENT,
  `user_id` int(11) NOT NULL,
  `level` int(11) DEFAULT 1,
  `total_sets_completed` int(11) DEFAULT 0,
  `total_correct_answers` int(11) DEFAULT 0,
  `last_played` timestamp NOT NULL DEFAULT current_timestamp() ON UPDATE current_timestamp(),
  PRIMARY KEY (`progress_id`),
  UNIQUE KEY `unique_user` (`user_id`)
) ENGINE=InnoDB AUTO_INCREMENT=7 DEFAULT CHARSET=utf8mb4 COLLATE=utf8mb4_unicode_ci;
/*!40101 SET character_set_client = @saved_cs_client */;

--
-- Dumping data for table `student_mental_math_progress`
--

LOCK TABLES `student_mental_math_progress` WRITE;
/*!40000 ALTER TABLE `student_mental_math_progress` DISABLE KEYS */;
INSERT INTO `student_mental_math_progress` VALUES (1,4,7,9,78,'2026-01-08 11:48:53'),(6,7,2,1,10,'2026-01-10 08:14:55');
/*!40000 ALTER TABLE `student_mental_math_progress` ENABLE KEYS */;
UNLOCK TABLES;

--
-- Table structure for table `student_progress`
--

DROP TABLE IF EXISTS `student_progress`;
/*!40101 SET @saved_cs_client     = @@character_set_client */;
/*!40101 SET character_set_client = utf8 */;
CREATE TABLE `student_progress` (
  `progress_id` int(11) NOT NULL AUTO_INCREMENT,
  `user_id` int(11) NOT NULL,
  `chapter_id` int(11) DEFAULT NULL,
  `video_id` int(11) DEFAULT NULL,
  `mcq_score` int(11) DEFAULT NULL,
  `total_mcq` int(11) DEFAULT NULL,
  `percentage` decimal(5,2) DEFAULT NULL,
  `completed_at` timestamp NOT NULL DEFAULT current_timestamp(),
  PRIMARY KEY (`progress_id`),
  KEY `idx_user_id` (`user_id`),
  KEY `idx_chapter_id` (`chapter_id`),
  KEY `idx_progress_user_chapter` (`user_id`,`chapter_id`)
) ENGINE=InnoDB DEFAULT CHARSET=utf8mb4 COLLATE=utf8mb4_unicode_ci;
/*!40101 SET character_set_client = @saved_cs_client */;

--
-- Dumping data for table `student_progress`
--

LOCK TABLES `student_progress` WRITE;
/*!40000 ALTER TABLE `student_progress` DISABLE KEYS */;
/*!40000 ALTER TABLE `student_progress` ENABLE KEYS */;
UNLOCK TABLES;

--
-- Table structure for table `subjects`
--

DROP TABLE IF EXISTS `subjects`;
/*!40101 SET @saved_cs_client     = @@character_set_client */;
/*!40101 SET character_set_client = utf8 */;
CREATE TABLE `subjects` (
  `subject_id` int(11) NOT NULL AUTO_INCREMENT,
  `class_id` int(11) NOT NULL,
  `subject_name` varchar(100) NOT NULL,
  `description` text DEFAULT NULL,
  `created_at` timestamp NOT NULL DEFAULT current_timestamp(),
  PRIMARY KEY (`subject_id`),
  KEY `idx_class_id` (`class_id`),
  KEY `idx_subject_class` (`class_id`)
) ENGINE=InnoDB AUTO_INCREMENT=80 DEFAULT CHARSET=utf8mb4 COLLATE=utf8mb4_unicode_ci;
/*!40101 SET character_set_client = @saved_cs_client */;

--
-- Dumping data for table `subjects`
--

LOCK TABLES `subjects` WRITE;
/*!40000 ALTER TABLE `subjects` DISABLE KEYS */;
INSERT INTO `subjects` VALUES (1,10,'Mathematics','Advanced mathematics for Class 10','2025-11-29 12:47:04'),(2,10,'Science','Physics, Chemistry, and Biology','2025-11-29 12:47:04'),(3,10,'English','English language and literature','2025-11-29 12:47:04'),(4,10,'Social Studies','History, Geography, and Civics','2025-11-29 12:47:04'),(5,9,'Mathematics','Mathematics for Class 9','2025-11-29 12:47:04'),(6,9,'Science','Science fundamentals','2025-11-29 12:47:04'),(7,9,'English','English basics','2025-11-29 12:47:04'),(8,1,'ENGLISH','','2025-11-30 02:30:26'),(9,1,'MATHS','','2025-11-30 02:31:43'),(10,1,'SCIENCE','','2025-11-30 02:31:47'),(11,1,'SOCIAL STUDIES','','2025-12-01 13:02:15'),(12,3,'SOCIAL STUDIES','','2025-12-18 12:09:41'),(13,3,'ENGLISH','','2025-12-18 12:09:46'),(14,3,'SCIENCE','','2025-12-18 12:09:51'),(15,6,'ENGLISH','','2025-12-18 12:10:13'),(16,3,'MATHS','','2025-12-18 12:10:18'),(17,7,'GEOGRAPHY','','2025-12-19 12:04:16'),(18,7,'SCIENCE','','2025-12-23 09:16:19'),(19,3,'MARATHI','','2026-01-10 07:53:28'),(20,17,'Marathi','Marathi for Class 1 (STATE_MARATHI)','2026-01-13 17:43:28'),(21,17,'English','English for Class 1 (STATE_MARATHI)','2026-01-13 17:43:28'),(22,17,'Mathematics','Mathematics for Class 1 (STATE_MARATHI)','2026-01-13 17:43:28'),(23,17,'Science','Science for Class 1 (STATE_MARATHI)','2026-01-13 17:43:28'),(24,17,'History','History for Class 1 (STATE_MARATHI)','2026-01-13 17:43:28'),(25,17,'Geography','Geography for Class 1 (STATE_MARATHI)','2026-01-13 17:43:28'),(26,18,'Marathi','Marathi for Class 2 (STATE_MARATHI)','2026-01-13 17:43:28'),(27,18,'English','English for Class 2 (STATE_MARATHI)','2026-01-13 17:43:28'),(28,18,'Mathematics','Mathematics for Class 2 (STATE_MARATHI)','2026-01-13 17:43:28'),(29,18,'Science','Science for Class 2 (STATE_MARATHI)','2026-01-13 17:43:28'),(30,18,'History','History for Class 2 (STATE_MARATHI)','2026-01-13 17:43:28'),(31,18,'Geography','Geography for Class 2 (STATE_MARATHI)','2026-01-13 17:43:28'),(32,19,'Marathi','Marathi for Class 3 (STATE_MARATHI)','2026-01-13 17:43:28'),(33,19,'English','English for Class 3 (STATE_MARATHI)','2026-01-13 17:43:28'),(34,19,'Mathematics','Mathematics for Class 3 (STATE_MARATHI)','2026-01-13 17:43:28'),(35,19,'Science','Science for Class 3 (STATE_MARATHI)','2026-01-13 17:43:28'),(36,19,'History','History for Class 3 (STATE_MARATHI)','2026-01-13 17:43:28'),(37,19,'Geography','Geography for Class 3 (STATE_MARATHI)','2026-01-13 17:43:28'),(38,20,'Marathi','Marathi for Class 4 (STATE_MARATHI)','2026-01-13 17:43:28'),(39,20,'English','English for Class 4 (STATE_MARATHI)','2026-01-13 17:43:28'),(40,20,'Mathematics','Mathematics for Class 4 (STATE_MARATHI)','2026-01-13 17:43:28'),(41,20,'Science','Science for Class 4 (STATE_MARATHI)','2026-01-13 17:43:28'),(42,20,'History','History for Class 4 (STATE_MARATHI)','2026-01-13 17:43:28'),(43,20,'Geography','Geography for Class 4 (STATE_MARATHI)','2026-01-13 17:43:28'),(44,21,'Marathi','Marathi for Class 5 (STATE_MARATHI)','2026-01-13 17:43:28'),(45,21,'English','English for Class 5 (STATE_MARATHI)','2026-01-13 17:43:28'),(46,21,'Mathematics','Mathematics for Class 5 (STATE_MARATHI)','2026-01-13 17:43:28'),(47,21,'Science','Science for Class 5 (STATE_MARATHI)','2026-01-13 17:43:28'),(48,21,'History','History for Class 5 (STATE_MARATHI)','2026-01-13 17:43:28'),(49,21,'Geography','Geography for Class 5 (STATE_MARATHI)','2026-01-13 17:43:28'),(50,22,'Marathi','Marathi for Class 6 (STATE_MARATHI)','2026-01-13 17:43:28'),(51,22,'English','English for Class 6 (STATE_MARATHI)','2026-01-13 17:43:28'),(52,22,'Mathematics','Mathematics for Class 6 (STATE_MARATHI)','2026-01-13 17:43:28'),(53,22,'Science','Science for Class 6 (STATE_MARATHI)','2026-01-13 17:43:28'),(54,22,'History','History for Class 6 (STATE_MARATHI)','2026-01-13 17:43:28'),(55,22,'Geography','Geography for Class 6 (STATE_MARATHI)','2026-01-13 17:43:28'),(56,23,'Marathi','Marathi for Class 7 (STATE_MARATHI)','2026-01-13 17:43:28'),(57,23,'English','English for Class 7 (STATE_MARATHI)','2026-01-13 17:43:28'),(58,23,'Mathematics','Mathematics for Class 7 (STATE_MARATHI)','2026-01-13 17:43:28'),(59,23,'Science','Science for Class 7 (STATE_MARATHI)','2026-01-13 17:43:28'),(60,23,'History','History for Class 7 (STATE_MARATHI)','2026-01-13 17:43:28'),(61,23,'Geography','Geography for Class 7 (STATE_MARATHI)','2026-01-13 17:43:28'),(62,24,'Marathi','Marathi for Class 8 (STATE_MARATHI)','2026-01-13 17:43:28'),(63,24,'English','English for Class 8 (STATE_MARATHI)','2026-01-13 17:43:28'),(64,24,'Mathematics','Mathematics for Class 8 (STATE_MARATHI)','2026-01-13 17:43:28'),(65,24,'Science','Science for Class 8 (STATE_MARATHI)','2026-01-13 17:43:28'),(66,24,'History','History for Class 8 (STATE_MARATHI)','2026-01-13 17:43:28'),(67,24,'Geography','Geography for Class 8 (STATE_MARATHI)','2026-01-13 17:43:28'),(68,25,'Marathi','Marathi for Class 9 (STATE_MARATHI)','2026-01-13 17:43:28'),(69,25,'English','English for Class 9 (STATE_MARATHI)','2026-01-13 17:43:28'),(70,25,'Mathematics','Mathematics for Class 9 (STATE_MARATHI)','2026-01-13 17:43:28'),(71,25,'Science','Science for Class 9 (STATE_MARATHI)','2026-01-13 17:43:28'),(72,25,'History','History for Class 9 (STATE_MARATHI)','2026-01-13 17:43:28'),(73,25,'Geography','Geography for Class 9 (STATE_MARATHI)','2026-01-13 17:43:28'),(74,26,'Marathi','Marathi for Class 10 (STATE_MARATHI)','2026-01-13 17:43:28'),(75,26,'English','English for Class 10 (STATE_MARATHI)','2026-01-13 17:43:28'),(76,26,'Mathematics','Mathematics for Class 10 (STATE_MARATHI)','2026-01-13 17:43:28'),(77,26,'Science','Science for Class 10 (STATE_MARATHI)','2026-01-13 17:43:28'),(78,26,'History','History for Class 10 (STATE_MARATHI)','2026-01-13 17:43:28'),(79,26,'Geography','Geography for Class 10 (STATE_MARATHI)','2026-01-13 17:43:28');
/*!40000 ALTER TABLE `subjects` ENABLE KEYS */;
UNLOCK TABLES;

--
-- Table structure for table `subscriptions`
--

DROP TABLE IF EXISTS `subscriptions`;
/*!40101 SET @saved_cs_client     = @@character_set_client */;
/*!40101 SET character_set_client = utf8 */;
CREATE TABLE `subscriptions` (
  `plan_id` int(11) NOT NULL AUTO_INCREMENT,
  `plan_name` varchar(100) NOT NULL,
  `price` decimal(10,2) NOT NULL,
  `duration_days` int(11) NOT NULL,
  `description` text DEFAULT NULL,
  `features` text DEFAULT NULL,
  `is_active` tinyint(1) DEFAULT 1,
  `created_at` timestamp NOT NULL DEFAULT current_timestamp(),
  PRIMARY KEY (`plan_id`)
) ENGINE=InnoDB AUTO_INCREMENT=4 DEFAULT CHARSET=utf8mb4 COLLATE=utf8mb4_unicode_ci;
/*!40101 SET character_set_client = @saved_cs_client */;

--
-- Dumping data for table `subscriptions`
--

LOCK TABLES `subscriptions` WRITE;
/*!40000 ALTER TABLE `subscriptions` DISABLE KEYS */;
INSERT INTO `subscriptions` VALUES (1,'Free Trial',0.00,7,'7-day free trial','Access to basic content, Limited MCQs',1,'2025-11-29 12:47:04'),(2,'Monthly Plan',99.00,30,'Monthly subscription','Full access to all content, Unlimited MCQs, AI Tutor',1,'2025-11-29 12:47:04'),(3,'Yearly Plan',999.00,365,'Annual subscription with discount','Full access, Unlimited MCQs, AI Tutor, Priority Support, Offline Downloads',1,'2025-11-29 12:47:04');
/*!40000 ALTER TABLE `subscriptions` ENABLE KEYS */;
UNLOCK TABLES;

--
-- Table structure for table `user_badges`
--

DROP TABLE IF EXISTS `user_badges`;
/*!40101 SET @saved_cs_client     = @@character_set_client */;
/*!40101 SET character_set_client = utf8 */;
CREATE TABLE `user_badges` (
  `user_badge_id` int(11) NOT NULL AUTO_INCREMENT,
  `user_id` int(11) NOT NULL,
  `badge_id` int(11) NOT NULL,
  `earned_at` timestamp NOT NULL DEFAULT current_timestamp(),
  PRIMARY KEY (`user_badge_id`),
  UNIQUE KEY `unique_user_badge` (`user_id`,`badge_id`),
  KEY `badge_id` (`badge_id`)
) ENGINE=InnoDB DEFAULT CHARSET=utf8mb4 COLLATE=utf8mb4_general_ci;
/*!40101 SET character_set_client = @saved_cs_client */;

--
-- Dumping data for table `user_badges`
--

LOCK TABLES `user_badges` WRITE;
/*!40000 ALTER TABLE `user_badges` DISABLE KEYS */;
/*!40000 ALTER TABLE `user_badges` ENABLE KEYS */;
UNLOCK TABLES;

--
-- Table structure for table `user_vocab_progress`
--

DROP TABLE IF EXISTS `user_vocab_progress`;
/*!40101 SET @saved_cs_client     = @@character_set_client */;
/*!40101 SET character_set_client = utf8 */;
CREATE TABLE `user_vocab_progress` (
  `progress_id` int(11) NOT NULL AUTO_INCREMENT,
  `user_id` int(11) NOT NULL,
  `word_id` int(11) NOT NULL,
  `easiness_factor` decimal(4,2) DEFAULT 2.50 COMMENT 'EF: 1.3 to 2.5+, affects interval growth',
  `interval_days` int(11) DEFAULT 1 COMMENT 'Days until next review',
  `repetitions` int(11) DEFAULT 0 COMMENT 'Number of successful repetitions',
  `next_review_date` date NOT NULL,
  `review_count` int(11) DEFAULT 0 COMMENT 'Total times reviewed',
  `correct_count` int(11) DEFAULT 0 COMMENT 'Times answered correctly',
  `mastery_status` enum('New','Learning','Review','Mastered') DEFAULT 'New',
  `average_rating` decimal(3,2) DEFAULT 0.00 COMMENT 'Average of all ratings (1-5)',
  `last_rating` int(11) DEFAULT 0 COMMENT 'Last rating given (1-5)',
  `first_seen_at` timestamp NOT NULL DEFAULT current_timestamp(),
  `last_reviewed_at` timestamp NULL DEFAULT NULL,
  `mastered_at` timestamp NULL DEFAULT NULL,
  PRIMARY KEY (`progress_id`),
  UNIQUE KEY `unique_user_word` (`user_id`,`word_id`),
  KEY `word_id` (`word_id`),
  KEY `idx_user_next_review` (`user_id`,`next_review_date`),
  KEY `idx_mastery_status` (`mastery_status`),
  KEY `idx_next_review` (`next_review_date`),
  KEY `idx_user_status_date` (`user_id`,`mastery_status`,`next_review_date`)
) ENGINE=InnoDB AUTO_INCREMENT=21 DEFAULT CHARSET=utf8mb4 COLLATE=utf8mb4_unicode_ci;
/*!40101 SET character_set_client = @saved_cs_client */;

--
-- Dumping data for table `user_vocab_progress`
--

LOCK TABLES `user_vocab_progress` WRITE;
/*!40000 ALTER TABLE `user_vocab_progress` DISABLE KEYS */;
INSERT INTO `user_vocab_progress` VALUES (1,4,1,2.18,6,2,'2026-01-16',3,2,'Learning',3.33,4,'2026-01-08 12:00:32','2026-01-10 10:14:38',NULL),(2,4,2,2.18,6,2,'2026-01-16',3,2,'Learning',3.33,4,'2026-01-08 12:00:35','2026-01-10 10:14:46',NULL),(3,4,3,2.18,6,2,'2026-01-16',3,2,'Learning',3.33,4,'2026-01-08 12:00:36','2026-01-10 10:14:50',NULL),(4,4,4,2.18,6,2,'2026-01-16',3,2,'Learning',3.33,4,'2026-01-08 12:00:38','2026-01-10 10:14:55',NULL),(5,4,5,2.50,15,3,'2026-01-25',3,3,'Review',4.00,4,'2026-01-08 12:00:41','2026-01-10 10:14:58',NULL),(6,4,6,2.18,6,2,'2026-01-16',3,2,'Learning',3.33,4,'2026-01-08 12:00:43','2026-01-10 10:15:03',NULL),(7,4,7,2.18,6,2,'2026-01-16',3,2,'Learning',3.33,4,'2026-01-08 12:00:45','2026-01-10 10:15:07',NULL),(8,4,8,1.86,1,0,'2026-01-11',3,1,'Learning',2.67,2,'2026-01-08 12:00:46','2026-01-10 10:15:11',NULL),(9,4,9,2.50,15,3,'2026-01-25',3,3,'Review',4.00,4,'2026-01-08 12:00:48','2026-01-10 10:15:17',NULL),(10,4,10,2.18,6,2,'2026-01-16',3,2,'Learning',3.33,4,'2026-01-08 12:00:50','2026-01-10 10:15:21',NULL),(11,4,11,1.86,1,0,'2026-01-10',2,0,'Learning',2.00,2,'2026-01-08 12:13:04','2026-01-09 10:27:40',NULL),(12,4,12,2.50,6,2,'2026-01-15',2,2,'Learning',4.00,4,'2026-01-08 12:13:09','2026-01-09 10:27:41',NULL),(13,4,13,2.50,1,1,'2026-01-09',1,1,'Learning',4.00,4,'2026-01-08 12:13:15','2026-01-08 12:13:15',NULL),(14,4,14,2.50,1,1,'2026-01-09',1,1,'Learning',4.00,4,'2026-01-08 12:13:18','2026-01-08 12:13:18',NULL),(15,4,15,2.50,1,1,'2026-01-09',1,1,'Learning',4.00,4,'2026-01-08 12:13:25','2026-01-08 12:13:25',NULL),(16,7,1,2.18,1,0,'2026-01-11',1,0,'Learning',2.00,2,'2026-01-10 08:14:00','2026-01-10 08:14:00',NULL),(17,7,2,2.50,1,1,'2026-01-11',1,1,'Learning',4.00,4,'2026-01-10 08:14:10','2026-01-10 08:14:10',NULL),(18,7,3,2.50,1,1,'2026-01-11',1,1,'Learning',4.00,4,'2026-01-10 08:14:16','2026-01-10 08:14:16',NULL),(19,8,1,2.50,1,1,'2026-01-15',1,1,'Learning',4.00,4,'2026-01-14 14:33:33','2026-01-14 14:33:33',NULL),(20,8,2,2.18,1,0,'2026-01-15',1,0,'Learning',2.00,2,'2026-01-14 14:33:35','2026-01-14 14:33:35',NULL);
/*!40000 ALTER TABLE `user_vocab_progress` ENABLE KEYS */;
UNLOCK TABLES;

--
-- Table structure for table `user_vocab_stats`
--

DROP TABLE IF EXISTS `user_vocab_stats`;
/*!40101 SET @saved_cs_client     = @@character_set_client */;
/*!40101 SET character_set_client = utf8 */;
CREATE TABLE `user_vocab_stats` (
  `stats_id` int(11) NOT NULL AUTO_INCREMENT,
  `user_id` int(11) NOT NULL,
  `total_words_learned` int(11) DEFAULT 0 COMMENT 'Words added to learning list',
  `words_in_progress` int(11) DEFAULT 0 COMMENT 'Currently learning',
  `words_mastered` int(11) DEFAULT 0 COMMENT 'Fully mastered words',
  `total_reviews` int(11) DEFAULT 0 COMMENT 'Total review sessions',
  `total_correct` int(11) DEFAULT 0 COMMENT 'Total correct answers',
  `accuracy_percentage` decimal(5,2) DEFAULT 0.00,
  `current_streak` int(11) DEFAULT 0 COMMENT 'Current daily streak',
  `longest_streak` int(11) DEFAULT 0 COMMENT 'Best streak achieved',
  `last_practice_date` date DEFAULT NULL,
  `total_study_time_minutes` int(11) DEFAULT 0,
  `average_session_time_minutes` decimal(5,2) DEFAULT 0.00,
  `level` int(11) DEFAULT 1 COMMENT 'User level (1-100)',
  `experience_points` int(11) DEFAULT 0 COMMENT 'XP for gamification',
  `badges_earned` text DEFAULT NULL COMMENT 'JSON array of badge IDs',
  `has_premium_access` tinyint(1) DEFAULT 0,
  `premium_expiry_date` date DEFAULT NULL,
  `created_at` timestamp NOT NULL DEFAULT current_timestamp(),
  `updated_at` timestamp NOT NULL DEFAULT current_timestamp() ON UPDATE current_timestamp(),
  `current_set` int(11) DEFAULT 1 COMMENT 'Current set user is learning',
  `sets_completed` int(11) DEFAULT 0 COMMENT 'Number of sets completed',
  `highest_set_unlocked` int(11) DEFAULT 1 COMMENT 'Highest set unlocked',
  `total_words_mastered` int(11) DEFAULT 0,
  `streak_days` int(11) DEFAULT 0,
  PRIMARY KEY (`stats_id`),
  UNIQUE KEY `user_id` (`user_id`),
  KEY `idx_streak` (`current_streak`),
  KEY `idx_mastered` (`words_mastered`),
  KEY `idx_level` (`level`)
) ENGINE=InnoDB AUTO_INCREMENT=50 DEFAULT CHARSET=utf8mb4 COLLATE=utf8mb4_unicode_ci;
/*!40101 SET character_set_client = @saved_cs_client */;

--
-- Dumping data for table `user_vocab_stats`
--

LOCK TABLES `user_vocab_stats` WRITE;
/*!40000 ALTER TABLE `user_vocab_stats` DISABLE KEYS */;
INSERT INTO `user_vocab_stats` VALUES (1,4,15,15,0,37,0,0.00,0,0,'2026-01-10',0,0.00,1,300,NULL,0,NULL,'2026-01-08 12:00:27','2026-01-10 10:15:21',2,1,2,0,0),(44,5,0,0,0,0,0,0.00,0,0,NULL,0,0.00,1,0,NULL,0,NULL,'2026-01-10 07:52:07','2026-01-10 07:52:07',1,0,1,0,0),(45,6,0,0,0,0,0,0.00,0,0,NULL,0,0.00,1,0,NULL,0,NULL,'2026-01-10 08:13:16','2026-01-10 08:13:16',1,0,1,0,0),(46,7,3,3,0,3,0,0.00,0,0,'2026-01-10',0,0.00,1,0,NULL,0,NULL,'2026-01-10 08:13:33','2026-01-10 08:14:16',1,0,1,0,0),(47,8,2,2,0,2,0,0.00,0,0,'2026-01-14',0,0.00,1,0,NULL,0,NULL,'2026-01-14 14:33:30','2026-01-14 14:33:35',1,0,1,0,0);
/*!40000 ALTER TABLE `user_vocab_stats` ENABLE KEYS */;
UNLOCK TABLES;

--
-- Table structure for table `users`
--

DROP TABLE IF EXISTS `users`;
/*!40101 SET @saved_cs_client     = @@character_set_client */;
/*!40101 SET character_set_client = utf8 */;
CREATE TABLE `users` (
  `user_id` int(11) NOT NULL AUTO_INCREMENT,
  `name` varchar(100) NOT NULL,
  `email` varchar(150) NOT NULL,
  `profile_picture` varchar(255) DEFAULT NULL,
  `push_token` varchar(255) DEFAULT NULL,
  `password` varchar(255) NOT NULL,
  `user_type` enum('admin','teacher','student') NOT NULL DEFAULT 'student',
  `phone` varchar(20) DEFAULT NULL,
  `class_id` int(11) DEFAULT NULL,
  `board_type` varchar(50) DEFAULT NULL,
  `subscription_status` enum('active','inactive') DEFAULT 'inactive',
  `subscription_expiry` date DEFAULT NULL,
  `created_at` timestamp NOT NULL DEFAULT current_timestamp(),
  `last_login` datetime DEFAULT NULL,
  `login_streak` int(11) DEFAULT 0,
  `school_name` varchar(255) DEFAULT NULL,
  `board` enum('CBSE','State Board') DEFAULT NULL,
  `mobile` varchar(20) DEFAULT NULL,
  PRIMARY KEY (`user_id`),
  UNIQUE KEY `email` (`email`),
  KEY `idx_email` (`email`),
  KEY `idx_user_type` (`user_type`),
  KEY `idx_class_id` (`class_id`),
  KEY `idx_user_class` (`class_id`,`user_type`)
) ENGINE=InnoDB AUTO_INCREMENT=9 DEFAULT CHARSET=utf8mb4 COLLATE=utf8mb4_unicode_ci;
/*!40101 SET character_set_client = @saved_cs_client */;

--
-- Dumping data for table `users`
--

LOCK TABLES `users` WRITE;
/*!40000 ALTER TABLE `users` DISABLE KEYS */;
INSERT INTO `users` VALUES (1,'Admin User','admin@example.com',NULL,NULL,'$2y$10$3MPEgIf60wlKGIvrCS8pf.GWlszIe3DqK3J87bF2DJFsM1tFbCA2q','admin',NULL,NULL,'CBSE','active',NULL,'2025-11-29 12:47:04',NULL,0,NULL,NULL,NULL),(2,'John Teacher','teacher@example.com',NULL,NULL,'$2y$10$dyvWuAp2oUjxwRynToEAse1W5DbYrU43WvjaagiTUqato9iodiemK','teacher','1234567890',NULL,'CBSE','inactive',NULL,'2025-11-29 12:47:04',NULL,0,NULL,NULL,NULL),(4,'Test Student','student@example.com',NULL,NULL,'$2y$10$LrwycdfxN0fhxkz2gnb36Oo4Xr22dR0lM1CziPA1m5t/0/gQPOo9q','student',NULL,3,'CBSE','active','2030-12-31','2025-12-06 10:56:03','2026-01-10 16:14:33',1,NULL,NULL,NULL),(5,'Viraj Bansode','santoshbansode24@gmail.com',NULL,NULL,'$2y$10$iHhLV0vML6dGtptVLVKEwOcXuCOjW98jqYQHtH2tPNFnPnF.DTG6K','student',NULL,3,'CBSE','active','2026-02-08','2026-01-09 12:51:33','2026-01-16 00:12:14',1,'Bankatlal lahoti english school latur','CBSE','7755952198'),(6,'DEEPAK','rohi@gmail.com',NULL,NULL,'$2y$10$96LYrn884186z9l49MQXXO3ORStRw2ZsjDefLi9WKs45gIShRGMeS','student',NULL,3,'CBSE','active',NULL,'2026-01-10 08:03:45','2026-01-10 13:35:38',1,NULL,NULL,NULL),(7,'Deepak Rohi','Rohidipak@gmail.com',NULL,NULL,'$2y$10$p2kBO3CoZyW7n4Jsq6C3vetucHRdXkTw/cZhuPM98Tmu2WDCRtqcW','student',NULL,10,'CBSE','active','2026-02-09','2026-01-10 08:08:19','2026-01-10 13:53:35',1,'Dasgir vidyalaya shambhu umberga','State Board','9960724264'),(8,'Santosh','sbansode2021@gmail.com',NULL,NULL,'$2y$10$iHhLV0vML6dGtptVLVKEwOcXuCOjW98jqYQHtH2tPNFnPnF.DTG6K','student',NULL,3,'CBSE','active','2026-02-12','2026-01-13 16:54:44','2026-01-13 22:25:06',1,'Bankatlal',NULL,'7755952198');
/*!40000 ALTER TABLE `users` ENABLE KEYS */;
UNLOCK TABLES;

--
-- Temporary table structure for view `v_user_due_words`
--

DROP TABLE IF EXISTS `v_user_due_words`;
/*!50001 DROP VIEW IF EXISTS `v_user_due_words`*/;
SET @saved_cs_client     = @@character_set_client;
SET character_set_client = utf8;
/*!50001 CREATE VIEW `v_user_due_words` AS SELECT
 1 AS `user_id`,
  1 AS `word_id`,
  1 AS `word`,
  1 AS `definition`,
  1 AS `example_sentence`,
  1 AS `difficulty_level`,
  1 AS `mastery_status`,
  1 AS `review_count`,
  1 AS `next_review_date`,
  1 AS `category_name` */;
SET character_set_client = @saved_cs_client;

--
-- Temporary table structure for view `v_user_vocab_summary`
--

DROP TABLE IF EXISTS `v_user_vocab_summary`;
/*!50001 DROP VIEW IF EXISTS `v_user_vocab_summary`*/;
SET @saved_cs_client     = @@character_set_client;
SET character_set_client = utf8;
/*!50001 CREATE VIEW `v_user_vocab_summary` AS SELECT
 1 AS `user_id`,
  1 AS `name`,
  1 AS `total_words`,
  1 AS `mastered_words`,
  1 AS `current_streak`,
  1 AS `longest_streak`,
  1 AS `accuracy`,
  1 AS `level` */;
SET character_set_client = @saved_cs_client;

--
-- Table structure for table `videos`
--

DROP TABLE IF EXISTS `videos`;
/*!40101 SET @saved_cs_client     = @@character_set_client */;
/*!40101 SET character_set_client = utf8 */;
CREATE TABLE `videos` (
  `video_id` int(11) NOT NULL AUTO_INCREMENT,
  `chapter_id` int(11) NOT NULL,
  `title` varchar(200) NOT NULL,
  `url` varchar(500) NOT NULL,
  `description` text DEFAULT NULL,
  `duration` varchar(20) DEFAULT NULL,
  `created_at` timestamp NOT NULL DEFAULT current_timestamp(),
  PRIMARY KEY (`video_id`),
  KEY `idx_chapter_id` (`chapter_id`),
  CONSTRAINT `videos_ibfk_1` FOREIGN KEY (`chapter_id`) REFERENCES `chapters` (`chapter_id`) ON DELETE CASCADE
) ENGINE=InnoDB AUTO_INCREMENT=12 DEFAULT CHARSET=utf8mb4 COLLATE=utf8mb4_unicode_ci;
/*!40101 SET character_set_client = @saved_cs_client */;

--
-- Dumping data for table `videos`
--

LOCK TABLES `videos` WRITE;
/*!40000 ALTER TABLE `videos` DISABLE KEYS */;
INSERT INTO `videos` VALUES (1,15,'EARLY HUMANS','https://youtu.be/aBrRfw2Ifkc','','','2026-01-04 14:01:56'),(3,77,'INDUS CIVILISATION','https://youtu.be/iXxHiBKBjIs','','','2026-01-14 20:15:32'),(4,77,'INDUS VALLEY CIVILISATION','https://youtu.be/KoTowbnOn6Y','','','2026-01-14 20:16:01'),(5,78,'OUR GOVERNMENT','https://youtu.be/1Ue4yuSE288','','','2026-01-14 20:16:29'),(6,80,'OUR GREAT LEADERS','https://youtu.be/orbqE8N0ng8','','','2026-01-14 20:17:00'),(7,79,'NATIONAL SYMBOLS','https://youtu.be/MVrMxgyn9tQ','','','2026-01-14 20:17:23'),(9,82,'DIFFERENT OCCUPATION','https://youtu.be/pm71kwPtpF0','','','2026-01-15 17:13:15'),(10,81,'TRANSPORT AND COMMUNICATION','https://youtu.be/ejephLa5xpM','','','2026-01-15 17:37:03'),(11,83,'OUR ENVIRNMENT','https://youtu.be/vWfS8fU7mGU','','','2026-01-15 18:40:46');
/*!40000 ALTER TABLE `videos` ENABLE KEYS */;
UNLOCK TABLES;

--
-- Table structure for table `vocab_categories`
--

DROP TABLE IF EXISTS `vocab_categories`;
/*!40101 SET @saved_cs_client     = @@character_set_client */;
/*!40101 SET character_set_client = utf8 */;
CREATE TABLE `vocab_categories` (
  `category_id` int(11) NOT NULL AUTO_INCREMENT,
  `category_name` varchar(100) NOT NULL,
  `access_level` enum('Free','Premium') DEFAULT 'Free',
  `description` text DEFAULT NULL,
  `icon_emoji` varchar(10) DEFAULT '­ƒôÜ',
  `word_count` int(11) DEFAULT 0,
  `display_order` int(11) DEFAULT 0,
  `is_active` tinyint(1) DEFAULT 1,
  `created_at` timestamp NOT NULL DEFAULT current_timestamp(),
  `updated_at` timestamp NOT NULL DEFAULT current_timestamp() ON UPDATE current_timestamp(),
  PRIMARY KEY (`category_id`),
  UNIQUE KEY `category_name` (`category_name`),
  KEY `idx_access_level` (`access_level`),
  KEY `idx_active` (`is_active`)
) ENGINE=InnoDB AUTO_INCREMENT=12 DEFAULT CHARSET=utf8mb4 COLLATE=utf8mb4_unicode_ci;
/*!40101 SET character_set_client = @saved_cs_client */;

--
-- Dumping data for table `vocab_categories`
--

LOCK TABLES `vocab_categories` WRITE;
/*!40000 ALTER TABLE `vocab_categories` DISABLE KEYS */;
INSERT INTO `vocab_categories` VALUES (1,'Core Academic Words','Free','Essential words for academic success','­ƒôû',0,1,1,'2026-01-03 01:09:13','2026-01-03 01:09:13'),(2,'MCQ Starter Set','Free','Common words found in MCQ questions','­ƒÄ»',0,2,1,'2026-01-03 01:09:13','2026-01-03 01:09:13'),(3,'Daily Essentials','Free','Everyday vocabulary for students','ÔÿÇ´©Å',25,3,1,'2026-01-03 01:09:13','2026-01-03 01:14:03'),(4,'GRE Preparation','Premium','Advanced words for GRE exam','­ƒÄô',0,4,1,'2026-01-03 01:09:13','2026-01-03 01:09:13'),(5,'SAT Preparation','Premium','Essential SAT vocabulary','­ƒôØ',0,5,1,'2026-01-03 01:09:13','2026-01-03 01:09:13'),(6,'Advanced Academic','Premium','College-level academic vocabulary','­ƒÅø´©Å',0,6,1,'2026-01-03 01:09:13','2026-01-03 01:09:13'),(7,'Scientific Terms','Premium','Science and research vocabulary','­ƒö¼',0,7,1,'2026-01-03 01:09:13','2026-01-03 01:09:13'),(8,'Business English','Premium','Professional and business terms','­ƒÆ╝',0,8,1,'2026-01-03 01:09:13','2026-01-03 01:09:13'),(9,'Literary Words','Premium','Advanced literary vocabulary','­ƒôÜ',0,9,1,'2026-01-03 01:09:13','2026-01-03 01:09:13'),(10,'Idioms & Phrases','Premium','Common English idioms','­ƒÆ¼',0,10,1,'2026-01-03 01:09:13','2026-01-03 01:09:13'),(11,'General','Free',NULL,'­ƒôÜ',1968,0,1,'2026-01-08 11:55:43','2026-01-10 16:49:53');
/*!40000 ALTER TABLE `vocab_categories` ENABLE KEYS */;
UNLOCK TABLES;

--
-- Table structure for table `vocab_review_history`
--

DROP TABLE IF EXISTS `vocab_review_history`;
/*!40101 SET @saved_cs_client     = @@character_set_client */;
/*!40101 SET character_set_client = utf8 */;
CREATE TABLE `vocab_review_history` (
  `history_id` int(11) NOT NULL AUTO_INCREMENT,
  `user_id` int(11) NOT NULL,
  `word_id` int(11) NOT NULL,
  `rating` int(11) NOT NULL COMMENT 'User rating: 1-5',
  `time_taken_seconds` int(11) DEFAULT 0,
  `was_correct` tinyint(1) DEFAULT 0,
  `previous_interval` int(11) DEFAULT NULL,
  `new_interval` int(11) DEFAULT NULL,
  `previous_easiness` decimal(4,2) DEFAULT NULL,
  `new_easiness` decimal(4,2) DEFAULT NULL,
  `review_type` enum('scheduled','extra','failed') DEFAULT 'scheduled',
  `reviewed_at` timestamp NOT NULL DEFAULT current_timestamp(),
  PRIMARY KEY (`history_id`),
  KEY `idx_user_date` (`user_id`,`reviewed_at`),
  KEY `idx_word` (`word_id`),
  CONSTRAINT `vocab_review_history_ibfk_1` FOREIGN KEY (`user_id`) REFERENCES `users` (`user_id`) ON DELETE CASCADE,
  CONSTRAINT `vocab_review_history_ibfk_2` FOREIGN KEY (`word_id`) REFERENCES `vocab_words` (`word_id`) ON DELETE CASCADE
) ENGINE=InnoDB AUTO_INCREMENT=50 DEFAULT CHARSET=utf8mb4 COLLATE=utf8mb4_unicode_ci;
/*!40101 SET character_set_client = @saved_cs_client */;

--
-- Dumping data for table `vocab_review_history`
--

LOCK TABLES `vocab_review_history` WRITE;
/*!40000 ALTER TABLE `vocab_review_history` DISABLE KEYS */;
INSERT INTO `vocab_review_history` VALUES (1,4,1,2,0,0,1,1,2.50,2.18,'scheduled','2026-01-03 01:24:45'),(2,4,1,4,0,1,1,1,2.18,2.18,'scheduled','2026-01-08 11:51:56'),(3,4,2,2,0,0,1,1,2.50,2.18,'scheduled','2026-01-08 11:51:58'),(4,4,3,4,0,1,1,1,2.50,2.50,'scheduled','2026-01-08 11:52:02'),(5,4,4,2,0,0,1,1,2.50,2.18,'scheduled','2026-01-08 11:52:07'),(6,4,5,4,0,1,1,1,2.50,2.50,'scheduled','2026-01-08 11:52:08'),(7,4,6,2,0,0,1,1,2.50,2.18,'scheduled','2026-01-08 11:52:11'),(8,4,1,2,0,0,1,1,2.50,2.18,'scheduled','2026-01-08 12:00:32'),(9,4,2,2,0,0,1,1,2.50,2.18,'scheduled','2026-01-08 12:00:35'),(10,4,3,2,0,0,1,1,2.50,2.18,'scheduled','2026-01-08 12:00:36'),(11,4,4,2,0,0,1,1,2.50,2.18,'scheduled','2026-01-08 12:00:38'),(12,4,5,4,0,1,1,1,2.50,2.50,'scheduled','2026-01-08 12:00:41'),(13,4,6,2,0,0,1,1,2.50,2.18,'scheduled','2026-01-08 12:00:43'),(14,4,7,2,0,0,1,1,2.50,2.18,'scheduled','2026-01-08 12:00:45'),(15,4,8,2,0,0,1,1,2.50,2.18,'scheduled','2026-01-08 12:00:46'),(16,4,9,4,0,1,1,1,2.50,2.50,'scheduled','2026-01-08 12:00:48'),(17,4,10,2,0,0,1,1,2.50,2.18,'scheduled','2026-01-08 12:00:50'),(18,4,1,4,0,1,1,1,2.18,2.18,'scheduled','2026-01-08 12:00:56'),(19,4,2,4,0,1,1,1,2.18,2.18,'scheduled','2026-01-08 12:00:59'),(20,4,3,4,0,1,1,1,2.18,2.18,'scheduled','2026-01-08 12:01:01'),(21,4,4,4,0,1,1,1,2.18,2.18,'scheduled','2026-01-08 12:01:04'),(22,4,5,4,0,1,1,6,2.50,2.50,'scheduled','2026-01-08 12:01:08'),(23,4,6,4,0,1,1,1,2.18,2.18,'scheduled','2026-01-08 12:01:10'),(24,4,7,4,0,1,1,1,2.18,2.18,'scheduled','2026-01-08 12:01:12'),(25,4,8,4,0,1,1,1,2.18,2.18,'scheduled','2026-01-08 12:01:17'),(26,4,9,4,0,1,1,6,2.50,2.50,'scheduled','2026-01-08 12:01:19'),(27,4,10,4,0,1,1,1,2.18,2.18,'scheduled','2026-01-08 12:01:22'),(28,4,11,2,0,0,1,1,2.50,2.18,'scheduled','2026-01-08 12:13:04'),(29,4,12,4,0,1,1,1,2.50,2.50,'scheduled','2026-01-08 12:13:09'),(30,4,13,4,0,1,1,1,2.50,2.50,'scheduled','2026-01-08 12:13:15'),(31,4,14,4,0,1,1,1,2.50,2.50,'scheduled','2026-01-08 12:13:18'),(32,4,15,4,0,1,1,1,2.50,2.50,'scheduled','2026-01-08 12:13:25'),(33,4,11,2,0,0,1,1,2.18,1.86,'scheduled','2026-01-09 10:27:40'),(34,4,12,4,0,1,1,6,2.50,2.50,'scheduled','2026-01-09 10:27:41'),(35,7,1,2,0,0,1,1,2.50,2.18,'scheduled','2026-01-10 08:14:00'),(36,7,2,4,0,1,1,1,2.50,2.50,'scheduled','2026-01-10 08:14:10'),(37,7,3,4,0,1,1,1,2.50,2.50,'scheduled','2026-01-10 08:14:16'),(38,4,1,4,0,1,1,6,2.18,2.18,'scheduled','2026-01-10 10:14:38'),(39,4,2,4,0,1,1,6,2.18,2.18,'scheduled','2026-01-10 10:14:46'),(40,4,3,4,0,1,1,6,2.18,2.18,'scheduled','2026-01-10 10:14:50'),(41,4,4,4,0,1,1,6,2.18,2.18,'scheduled','2026-01-10 10:14:55'),(42,4,5,4,0,1,6,15,2.50,2.50,'scheduled','2026-01-10 10:14:58'),(43,4,6,4,0,1,1,6,2.18,2.18,'scheduled','2026-01-10 10:15:03'),(44,4,7,4,0,1,1,6,2.18,2.18,'scheduled','2026-01-10 10:15:07'),(45,4,8,2,0,0,1,1,2.18,1.86,'scheduled','2026-01-10 10:15:11'),(46,4,9,4,0,1,6,15,2.50,2.50,'scheduled','2026-01-10 10:15:17'),(47,4,10,4,0,1,1,6,2.18,2.18,'scheduled','2026-01-10 10:15:21'),(48,8,1,4,0,1,1,1,2.50,2.50,'scheduled','2026-01-14 14:33:33'),(49,8,2,2,0,0,1,1,2.50,2.18,'scheduled','2026-01-14 14:33:35');
/*!40000 ALTER TABLE `vocab_review_history` ENABLE KEYS */;
UNLOCK TABLES;

--
-- Table structure for table `vocab_words`
--

DROP TABLE IF EXISTS `vocab_words`;
/*!40101 SET @saved_cs_client     = @@character_set_client */;
/*!40101 SET character_set_client = utf8 */;
CREATE TABLE `vocab_words` (
  `word_id` int(11) NOT NULL AUTO_INCREMENT,
  `word` varchar(100) NOT NULL,
  `definition` text NOT NULL,
  `example_sentence` text DEFAULT NULL,
  `category_id` int(11) NOT NULL,
  `pronunciation_text` varchar(100) DEFAULT NULL,
  `audio_file_url` varchar(255) DEFAULT NULL,
  `difficulty_level` enum('Easy','Medium','Hard') DEFAULT 'Medium',
  `usage_frequency` enum('Common','Moderate','Rare') DEFAULT 'Moderate',
  `synonyms` text DEFAULT NULL COMMENT 'Comma-separated synonyms',
  `antonyms` text DEFAULT NULL COMMENT 'Comma-separated antonyms',
  `word_type` varchar(50) DEFAULT NULL COMMENT 'noun, verb, adjective, etc.',
  `etymology` text DEFAULT NULL COMMENT 'Word origin/history',
  `mnemonic_hint` text DEFAULT NULL COMMENT 'Memory aid',
  `is_active` tinyint(1) DEFAULT 1,
  `times_reviewed` int(11) DEFAULT 0,
  `created_at` timestamp NOT NULL DEFAULT current_timestamp(),
  `updated_at` timestamp NOT NULL DEFAULT current_timestamp() ON UPDATE current_timestamp(),
  `definition_marathi` text DEFAULT NULL COMMENT 'Definition in Marathi language',
  `set_number` int(11) DEFAULT 1,
  `level_name` varchar(50) DEFAULT 'Beginner',
  `options` text DEFAULT NULL COMMENT 'JSON array of MCQ options',
  `correct_answer` varchar(100) DEFAULT NULL COMMENT 'Correct answer for MCQ',
  PRIMARY KEY (`word_id`),
  KEY `idx_word` (`word`),
  KEY `idx_category` (`category_id`),
  KEY `idx_difficulty` (`difficulty_level`),
  KEY `idx_active` (`is_active`),
  KEY `idx_category_difficulty` (`category_id`,`difficulty_level`),
  FULLTEXT KEY `ft_word_definition` (`word`,`definition`),
  CONSTRAINT `vocab_words_ibfk_1` FOREIGN KEY (`category_id`) REFERENCES `vocab_categories` (`category_id`)
) ENGINE=InnoDB AUTO_INCREMENT=329 DEFAULT CHARSET=utf8mb4 COLLATE=utf8mb4_unicode_ci;
/*!40101 SET character_set_client = @saved_cs_client */;

--
-- Dumping data for table `vocab_words`
--

LOCK TABLES `vocab_words` WRITE;
/*!40000 ALTER TABLE `vocab_words` DISABLE KEYS */;
INSERT INTO `vocab_words` VALUES (1,'Happy','Feeling or showing pleasure or contentment.','',11,NULL,NULL,'Easy','Moderate',NULL,NULL,NULL,NULL,NULL,1,5,'2026-01-08 11:59:30','2026-01-14 14:33:33','आनंदी, समाधानी.',1,'Beginner','{\"A\":\"Sad\",\"B\":\"Joyful\",\"C\":\"Angry\",\"D\":\"Tired\"}','B'),(2,'Big','Of considerable size, extent, or intensity.','',11,NULL,NULL,'Easy','Moderate',NULL,NULL,NULL,NULL,NULL,1,5,'2026-01-08 11:59:30','2026-01-14 14:33:35','मोठा, विशाल.',1,'Beginner','{\"A\":\"Large\",\"B\":\"Small\",\"C\":\"Tiny\",\"D\":\"Weak\"}','A'),(3,'Fast','Moving or capable of moving at high speed.','',11,NULL,NULL,'Easy','Moderate',NULL,NULL,NULL,NULL,NULL,1,4,'2026-01-08 11:59:30','2026-01-10 10:14:50','वेगवान, जलद.',1,'Beginner','{\"A\":\"Slow\",\"B\":\"Lazy\",\"C\":\"Quick\",\"D\":\"Late\"}','C'),(4,'Beautiful','Pleasing the senses or mind aesthetically.','',11,NULL,NULL,'Easy','Moderate',NULL,NULL,NULL,NULL,NULL,1,3,'2026-01-08 11:59:30','2026-01-10 10:14:55','सुंदर, देखणा.',1,'Beginner','{\"A\":\"Ugly\",\"B\":\"Pretty\",\"C\":\"Dirty\",\"D\":\"Mean\"}','B'),(5,'Start','To cause something to happen or exist.','',11,NULL,NULL,'Easy','Moderate',NULL,NULL,NULL,NULL,NULL,1,3,'2026-01-08 11:59:30','2026-01-10 10:14:59','सुरुवात करणे.',1,'Beginner','{\"A\":\"Stop\",\"B\":\"End\",\"C\":\"Begin\",\"D\":\"Finish\"}','C'),(6,'Rich','Having a great deal of money or assets.','',11,NULL,NULL,'Easy','Moderate',NULL,NULL,NULL,NULL,NULL,1,3,'2026-01-08 11:59:30','2026-01-10 10:15:03','श्रीमंत, धनवान.',1,'Beginner','{\"A\":\"Poor\",\"B\":\"Weak\",\"C\":\"Wealthy\",\"D\":\"Sick\"}','C'),(7,'Smart','Having or showing a quick-witted intelligence.','',11,NULL,NULL,'Easy','Moderate',NULL,NULL,NULL,NULL,NULL,1,3,'2026-01-08 11:59:30','2026-01-10 10:15:07','हुशार, बुद्धिमान.',1,'Beginner','{\"A\":\"Dumb\",\"B\":\"Clever\",\"C\":\"Slow\",\"D\":\"Dull\"}','B'),(8,'Angry','Feeling or showing strong annoyance or hostility.','',11,NULL,NULL,'Easy','Moderate',NULL,NULL,NULL,NULL,NULL,1,3,'2026-01-08 11:59:30','2026-01-10 10:15:11','रागावलेला, संतापलेला.',1,'Beginner','{\"A\":\"Calm\",\"B\":\"Happy\",\"C\":\"Mad\",\"D\":\"Glad\"}','C'),(9,'Small','Of a size that is less than normal or usual.','',11,NULL,NULL,'Easy','Moderate',NULL,NULL,NULL,NULL,NULL,1,3,'2026-01-08 11:59:30','2026-01-10 10:15:17','लहान, छोटा.',1,'Beginner','{\"A\":\"Huge\",\"B\":\"Giant\",\"C\":\"Tiny\",\"D\":\"Tall\"}','C'),(10,'Help','To make it easier for someone to do something.','',11,NULL,NULL,'Easy','Moderate',NULL,NULL,NULL,NULL,NULL,1,3,'2026-01-08 11:59:30','2026-01-10 10:15:21','मदत करणे, सहाय्य करणे.',1,'Beginner','{\"A\":\"Hurt\",\"B\":\"Ignore\",\"C\":\"Block\",\"D\":\"Assist\"}','D'),(11,'Quiet','Making little or no noise.','',11,NULL,NULL,'Easy','Moderate',NULL,NULL,NULL,NULL,NULL,1,2,'2026-01-08 11:59:30','2026-01-09 10:27:40','शांत, निमूट.',2,'Beginner','{\"A\":\"Loud\",\"B\":\"Noisy\",\"C\":\"Silent\",\"D\":\"Wild\"}','C'),(12,'Correct','Free from error; in accordance with fact or truth.','',11,NULL,NULL,'Easy','Moderate',NULL,NULL,NULL,NULL,NULL,1,2,'2026-01-08 11:59:30','2026-01-09 10:27:41','बरोबर, अचूक.',2,'Beginner','{\"A\":\"Wrong\",\"B\":\"False\",\"C\":\"Right\",\"D\":\"Bad\"}','C'),(13,'Difficult','Needing much effort or skill to accomplish.','',11,NULL,NULL,'Easy','Moderate',NULL,NULL,NULL,NULL,NULL,1,1,'2026-01-08 11:59:30','2026-01-08 12:13:15','कठीण, अवघड.',2,'Beginner','{\"A\":\"Easy\",\"B\":\"Simple\",\"C\":\"Hard\",\"D\":\"Soft\"}','C'),(14,'End','A final part of something.','',11,NULL,NULL,'Easy','Moderate',NULL,NULL,NULL,NULL,NULL,1,1,'2026-01-08 11:59:30','2026-01-08 12:13:18','शेवट, अंत.',2,'Beginner','{\"A\":\"Start\",\"B\":\"Begin\",\"C\":\"Finish\",\"D\":\"Open\"}','C'),(15,'Kind','Having or showing a friendly, generous, and considerate nature.','',11,NULL,NULL,'Easy','Moderate',NULL,NULL,NULL,NULL,NULL,1,1,'2026-01-08 11:59:30','2026-01-08 12:13:25','दयाळू, प्रेमळ.',2,'Beginner','{\"A\":\"Mean\",\"B\":\"Cruel\",\"C\":\"Nice\",\"D\":\"Rude\"}','C'),(16,'Listen','Give attention to sound.','',11,NULL,NULL,'Easy','Moderate',NULL,NULL,NULL,NULL,NULL,1,0,'2026-01-08 11:59:30','2026-01-08 11:59:30','ऐकणे.',2,'Beginner','{\"A\":\"Speak\",\"B\":\"Hear\",\"C\":\"Talk\",\"D\":\"Run\"}','B'),(17,'Look','Direct one\'s gaze toward someone or something.','',11,NULL,NULL,'Easy','Moderate',NULL,NULL,NULL,NULL,NULL,1,0,'2026-01-08 11:59:30','2026-01-08 11:59:30','पाहणे, बघणे.',2,'Beginner','{\"A\":\"Hear\",\"B\":\"Smell\",\"C\":\"See\",\"D\":\"Touch\"}','C'),(18,'Neat','Arranged in an orderly, tidy way.','',11,NULL,NULL,'Easy','Moderate',NULL,NULL,NULL,NULL,NULL,1,0,'2026-01-08 11:59:30','2026-01-08 11:59:30','नेटका, व्यवस्थित.',2,'Beginner','{\"A\":\"Messy\",\"B\":\"Dirty\",\"C\":\"Tidy\",\"D\":\"Rough\"}','C'),(19,'Page','One side of a sheet of paper in a book.','',11,NULL,NULL,'Easy','Moderate',NULL,NULL,NULL,NULL,NULL,1,0,'2026-01-08 11:59:30','2026-01-08 11:59:30','पान, पृष्ठ.',2,'Beginner','{\"A\":\"Book\",\"B\":\"Sheet\",\"C\":\"Pen\",\"D\":\"Cover\"}','B'),(20,'Scared','Fearful; frightened.','',11,NULL,NULL,'Easy','Moderate',NULL,NULL,NULL,NULL,NULL,1,0,'2026-01-08 11:59:30','2026-01-08 11:59:30','घाबरलेला.',2,'Beginner','{\"A\":\"Brave\",\"B\":\"Afraid\",\"C\":\"Bold\",\"D\":\"Happy\"}','B'),(21,'True','In accordance with fact or reality.','',11,NULL,NULL,'Easy','Moderate',NULL,NULL,NULL,NULL,NULL,1,0,'2026-01-08 11:59:30','2026-01-08 11:59:30','खरे, सत्य.',3,'Beginner','{\"A\":\"Fake\",\"B\":\"Real\",\"C\":\"Lie\",\"D\":\"False\"}','B'),(22,'Yell','Give a loud, sharp cry.','',11,NULL,NULL,'Easy','Moderate',NULL,NULL,NULL,NULL,NULL,1,0,'2026-01-08 11:59:30','2026-01-08 11:59:30','ओरडणे, किंचाळणे.',3,'Beginner','{\"A\":\"Whisper\",\"B\":\"Shout\",\"C\":\"Talk\",\"D\":\"Sing\"}','B'),(23,'Zero','No quantity or number.','',11,NULL,NULL,'Easy','Moderate',NULL,NULL,NULL,NULL,NULL,1,0,'2026-01-08 11:59:30','2026-01-08 11:59:30','शून्य, काहीही नाही.',3,'Beginner','{\"A\":\"All\",\"B\":\"Many\",\"C\":\"Nothing\",\"D\":\"One\"}','C'),(24,'Dull','Lacking interest or excitement.','',11,NULL,NULL,'Easy','Moderate',NULL,NULL,NULL,NULL,NULL,1,0,'2026-01-08 11:59:30','2026-01-08 11:59:30','कंटाळवाणे, मंद.',3,'Beginner','{\"A\":\"Fun\",\"B\":\"Boring\",\"C\":\"Sharp\",\"D\":\"Bright\"}','B'),(25,'Famous','Known about by many people.','',11,NULL,NULL,'Easy','Moderate',NULL,NULL,NULL,NULL,NULL,1,0,'2026-01-08 11:59:30','2026-01-08 11:59:30','प्रसिद्ध.',3,'Beginner','{\"A\":\"Unknown\",\"B\":\"Hidden\",\"C\":\"Well-known\",\"D\":\"Secret\"}','C'),(26,'Intelligent','Having or showing intelligence.','',11,NULL,NULL,'Easy','Moderate',NULL,NULL,NULL,NULL,NULL,1,0,'2026-01-08 11:59:30','2026-01-08 11:59:30','बुद्धिमान.',3,'Beginner','{\"A\":\"Stupid\",\"B\":\"Smart\",\"C\":\"Silly\",\"D\":\"Crazy\"}','B'),(27,'Joy','A feeling of great pleasure and happiness.','',11,NULL,NULL,'Easy','Moderate',NULL,NULL,NULL,NULL,NULL,1,0,'2026-01-08 11:59:30','2026-01-08 11:59:30','आनंद, हर्ष.',3,'Beginner','{\"A\":\"Sadness\",\"B\":\"Pain\",\"C\":\"Happiness\",\"D\":\"Fear\"}','C'),(28,'Keep','Have or retain possession of.','',11,NULL,NULL,'Easy','Moderate',NULL,NULL,NULL,NULL,NULL,1,0,'2026-01-08 11:59:30','2026-01-08 11:59:30','ठेवणे, बाळगणे.',3,'Beginner','{\"A\":\"Drop\",\"B\":\"Hold\",\"C\":\"Lose\",\"D\":\"Throw\"}','B'),(29,'Near','At or to a short distance away.','',11,NULL,NULL,'Easy','Moderate',NULL,NULL,NULL,NULL,NULL,1,0,'2026-01-08 11:59:30','2026-01-08 11:59:30','जवळ, नजीक.',3,'Beginner','{\"A\":\"Far\",\"B\":\"Distant\",\"C\":\"Close\",\"D\":\"Away\"}','C'),(30,'Quick','Moving fast or doing something in a short time.','',11,NULL,NULL,'Easy','Moderate',NULL,NULL,NULL,NULL,NULL,1,0,'2026-01-08 11:59:30','2026-01-08 11:59:30','चपळ, जलद.',3,'Beginner','{\"A\":\"Slow\",\"B\":\"Lazy\",\"C\":\"Fast\",\"D\":\"Late\"}','C'),(31,'Action','The fact or process of doing something.','',11,NULL,NULL,'Easy','Moderate',NULL,NULL,NULL,NULL,NULL,1,0,'2026-01-08 11:59:30','2026-01-08 11:59:30','कृती, कार्य.',4,'Beginner','{\"A\":\"Rest\",\"B\":\"Sleep\",\"C\":\"Deed\",\"D\":\"Thought\"}','C'),(32,'Active','Engaging or ready to engage in physically energetic pursuits.','',11,NULL,NULL,'Easy','Moderate',NULL,NULL,NULL,NULL,NULL,1,0,'2026-01-08 11:59:30','2026-01-08 11:59:30','सक्रिय, कार्यमग्न.',4,'Beginner','{\"A\":\"Lazy\",\"B\":\"Busy\",\"C\":\"Idle\",\"D\":\"Slow\"}','B'),(33,'Alarm','An anxious awareness of danger.','',11,NULL,NULL,'Easy','Moderate',NULL,NULL,NULL,NULL,NULL,1,0,'2026-01-08 11:59:30','2026-01-08 11:59:30','धोक्याची सूचना, इशारा.',4,'Beginner','{\"A\":\"Comfort\",\"B\":\"Warning\",\"C\":\"Gift\",\"D\":\"Peace\"}','B'),(34,'Anger','A strong feeling of annoyance, displeasure, or hostility.','',11,NULL,NULL,'Easy','Moderate',NULL,NULL,NULL,NULL,NULL,1,0,'2026-01-08 11:59:30','2026-01-08 11:59:30','राग, क्रोध.',4,'Beginner','{\"A\":\"Joy\",\"B\":\"Rage\",\"C\":\"Love\",\"D\":\"Calm\"}','B'),(35,'Answer','A thing said, written, or done to deal with or as a reaction to a question.','',11,NULL,NULL,'Easy','Moderate',NULL,NULL,NULL,NULL,NULL,1,0,'2026-01-08 11:59:30','2026-01-08 11:59:30','उत्तर, प्रतिसाद.',4,'Beginner','{\"A\":\"Ask\",\"B\":\"Reply\",\"C\":\"Question\",\"D\":\"Doubt\"}','B'),(36,'Arrive','Reach a place at the end of a journey or a stage in a journey.','',11,NULL,NULL,'Easy','Moderate',NULL,NULL,NULL,NULL,NULL,1,0,'2026-01-08 11:59:30','2026-01-08 11:59:30','पोहोचणे, आगमन होणे.',4,'Beginner','{\"A\":\"Leave\",\"B\":\"Depart\",\"C\":\"Reach\",\"D\":\"Go\"}','C'),(37,'Ask','Say something in order to obtain an answer or some information.','',11,NULL,NULL,'Easy','Moderate',NULL,NULL,NULL,NULL,NULL,1,0,'2026-01-08 11:59:30','2026-01-08 11:59:30','विचारणे.',4,'Beginner','{\"A\":\"Tell\",\"B\":\"Inquire\",\"C\":\"Answer\",\"D\":\"Give\"}','B'),(38,'Blank','Not filled or written on.','',11,NULL,NULL,'Easy','Moderate',NULL,NULL,NULL,NULL,NULL,1,0,'2026-01-08 11:59:30','2026-01-08 11:59:30','रिकामी, कोरे.',4,'Beginner','{\"A\":\"Full\",\"B\":\"Written\",\"C\":\"Empty\",\"D\":\"Busy\"}','C'),(39,'Bright','Giving out or reflecting a lot of light.','',11,NULL,NULL,'Easy','Moderate',NULL,NULL,NULL,NULL,NULL,1,0,'2026-01-08 11:59:30','2026-01-08 11:59:30','तेजस्वी, चमकदार.',4,'Beginner','{\"A\":\"Dark\",\"B\":\"Dull\",\"C\":\"Shiny\",\"D\":\"Dim\"}','C'),(40,'Build','Construct (something, typically something large) by putting parts together.','',11,NULL,NULL,'Easy','Moderate',NULL,NULL,NULL,NULL,NULL,1,0,'2026-01-08 11:59:30','2026-01-08 11:59:30','बांधणे, निर्माण करणे.',4,'Beginner','{\"A\":\"Destroy\",\"B\":\"Break\",\"C\":\"Construct\",\"D\":\"Ruins\"}','C'),(41,'Busy','Having a great deal to do.','',11,NULL,NULL,'Easy','Moderate',NULL,NULL,NULL,NULL,NULL,1,0,'2026-01-08 11:59:30','2026-01-08 11:59:30','व्यस्त, कामात असलेला.',5,'Beginner','{\"A\":\"Free\",\"B\":\"Occupied\",\"C\":\"Idle\",\"D\":\"Lazy\"}','B'),(42,'Buy','Obtain in exchange for payment.','',11,NULL,NULL,'Easy','Moderate',NULL,NULL,NULL,NULL,NULL,1,0,'2026-01-08 11:59:30','2026-01-08 11:59:30','खरेदी करणे.',5,'Beginner','{\"A\":\"Sell\",\"B\":\"Give\",\"C\":\"Purchase\",\"D\":\"Lose\"}','C'),(43,'Calm','Not showing or feeling nervousness, anger, or other emotions.','',11,NULL,NULL,'Easy','Moderate',NULL,NULL,NULL,NULL,NULL,1,0,'2026-01-08 11:59:30','2026-01-08 11:59:30','शांत.',5,'Beginner','{\"A\":\"Wild\",\"B\":\"Peaceful\",\"C\":\"Angry\",\"D\":\"Loud\"}','B'),(44,'Center','The middle point of a circle or sphere.','',11,NULL,NULL,'Easy','Moderate',NULL,NULL,NULL,NULL,NULL,1,0,'2026-01-08 11:59:30','2026-01-08 11:59:30','मध्य, केंद्र.',5,'Beginner','{\"A\":\"Edge\",\"B\":\"Middle\",\"C\":\"Side\",\"D\":\"Corner\"}','B'),(45,'Change','Make or become different.','',11,NULL,NULL,'Easy','Moderate',NULL,NULL,NULL,NULL,NULL,1,0,'2026-01-08 11:59:30','2026-01-08 11:59:30','बदल, बदलणे.',5,'Beginner','{\"A\":\"Keep\",\"B\":\"Stay\",\"C\":\"Alter\",\"D\":\"Hold\"}','C'),(46,'Cheap','Costing little money or less than is usual or expected.','',11,NULL,NULL,'Easy','Moderate',NULL,NULL,NULL,NULL,NULL,1,0,'2026-01-08 11:59:30','2026-01-08 11:59:30','स्वस्त.',5,'Beginner','{\"A\":\"Costly\",\"B\":\"Rich\",\"C\":\"Inexpensive\",\"D\":\"High\"}','C'),(47,'Choice','An act of selecting or making a decision when faced with two or more possibilities.','',11,NULL,NULL,'Easy','Moderate',NULL,NULL,NULL,NULL,NULL,1,0,'2026-01-08 11:59:30','2026-01-08 11:59:30','निवड, पर्याय.',5,'Beginner','{\"A\":\"Force\",\"B\":\"Option\",\"C\":\"Rule\",\"D\":\"Law\"}','B'),(48,'Choose','Pick out or select (someone or something) as being the best.','',11,NULL,NULL,'Easy','Moderate',NULL,NULL,NULL,NULL,NULL,1,0,'2026-01-08 11:59:30','2026-01-08 11:59:30','निवडणे.',5,'Beginner','{\"A\":\"Reject\",\"B\":\"Select\",\"C\":\"Drop\",\"D\":\"Lose\"}','B'),(49,'Close','Move or cause to move so as to cover an opening.','',11,NULL,NULL,'Easy','Moderate',NULL,NULL,NULL,NULL,NULL,1,0,'2026-01-08 11:59:30','2026-01-08 11:59:30','बंद करणे.',5,'Beginner','{\"A\":\"Open\",\"B\":\"Shut\",\"C\":\"Start\",\"D\":\"Free\"}','B'),(50,'Common','Occurring, found, or done often; prevalent.','',11,NULL,NULL,'Easy','Moderate',NULL,NULL,NULL,NULL,NULL,1,0,'2026-01-08 11:59:30','2026-01-08 11:59:30','सामान्य, नेहमीचा.',5,'Beginner','{\"A\":\"Rare\",\"B\":\"Usual\",\"C\":\"Unique\",\"D\":\"Odd\"}','B'),(51,'Connect','Bring together or into contact so that a link is established.','',11,NULL,NULL,'Easy','Moderate',NULL,NULL,NULL,NULL,NULL,1,0,'2026-01-08 11:59:30','2026-01-08 11:59:30','जोडणे, एकत्र करणे.',6,'Beginner','{\"A\":\"Separate\",\"B\":\"Join\",\"C\":\"Break\",\"D\":\"Cut\"}','B'),(52,'Copy','A thing made to be similar or identical to another.','',11,NULL,NULL,'Easy','Moderate',NULL,NULL,NULL,NULL,NULL,1,0,'2026-01-08 11:59:30','2026-01-08 11:59:30','प्रत, नकल.',6,'Beginner','{\"A\":\"Original\",\"B\":\"Duplicate\",\"C\":\"Model\",\"D\":\"Create\"}','B'),(53,'Crazy','Mentally deranged, especially as manifested in a wild or aggressive way.','',11,NULL,NULL,'Easy','Moderate',NULL,NULL,NULL,NULL,NULL,1,0,'2026-01-08 11:59:30','2026-01-08 11:59:30','वेडा, अस्ताव्यस्त.',6,'Beginner','{\"A\":\"Sane\",\"B\":\"Wise\",\"C\":\"Insane\",\"D\":\"Calm\"}','C'),(54,'Create','Bring (something) into existence.','',11,NULL,NULL,'Easy','Moderate',NULL,NULL,NULL,NULL,NULL,1,0,'2026-01-08 11:59:30','2026-01-08 11:59:30','निर्माण करणे, बनवणे.',6,'Beginner','{\"A\":\"Destroy\",\"B\":\"Make\",\"C\":\"Break\",\"D\":\"Kill\"}','B'),(55,'Crowd','A large number of people gathered together.','',11,NULL,NULL,'Easy','Moderate',NULL,NULL,NULL,NULL,NULL,1,0,'2026-01-08 11:59:30','2026-01-08 11:59:30','गर्दी, जमाव.',6,'Beginner','{\"A\":\"Individual\",\"B\":\"Group\",\"C\":\"Empty\",\"D\":\"One\"}','B'),(56,'Cry','Shed tears, especially as an expression of distress or pain.','',11,NULL,NULL,'Easy','Moderate',NULL,NULL,NULL,NULL,NULL,1,0,'2026-01-08 11:59:30','2026-01-08 11:59:30','रडणे.',6,'Beginner','{\"A\":\"Laugh\",\"B\":\"Smile\",\"C\":\"Weep\",\"D\":\"Joke\"}','C'),(57,'Dark','With little or no light.','',11,NULL,NULL,'Easy','Moderate',NULL,NULL,NULL,NULL,NULL,1,0,'2026-01-08 11:59:30','2026-01-08 11:59:30','अंधार, काळोख.',6,'Beginner','{\"A\":\"Light\",\"B\":\"Bright\",\"C\":\"Dim\",\"D\":\"White\"}','C'),(58,'Dead','No longer alive.','',11,NULL,NULL,'Easy','Moderate',NULL,NULL,NULL,NULL,NULL,1,0,'2026-01-08 11:59:30','2026-01-08 11:59:30','मृत, निर्जीव.',6,'Beginner','{\"A\":\"Alive\",\"B\":\"Living\",\"C\":\"Lifeless\",\"D\":\"Active\"}','C'),(59,'Delicious','Highly pleasant to the taste.','',11,NULL,NULL,'Easy','Moderate',NULL,NULL,NULL,NULL,NULL,1,0,'2026-01-08 11:59:30','2026-01-08 11:59:30','स्वादिष्ट, चवदार.',6,'Beginner','{\"A\":\"Bad\",\"B\":\"Tasty\",\"C\":\"Sour\",\"D\":\"Bitter\"}','B'),(60,'Dirty','Covered or marked with an unclean substance.','',11,NULL,NULL,'Easy','Moderate',NULL,NULL,NULL,NULL,NULL,1,0,'2026-01-08 11:59:30','2026-01-08 11:59:30','घाणेरडा, अस्वच्छ.',6,'Beginner','{\"A\":\"Clean\",\"B\":\"Pure\",\"C\":\"Filthy\",\"D\":\"Neat\"}','C'),(61,'Divide','Separate or be separated into parts.','',11,NULL,NULL,'Easy','Moderate',NULL,NULL,NULL,NULL,NULL,1,0,'2026-01-08 11:59:30','2026-01-08 11:59:30','विभागणे, वाटणी करणे.',7,'Beginner','{\"A\":\"Join\",\"B\":\"Split\",\"C\":\"Unite\",\"D\":\"Mix\"}','B'),(62,'Dream','A series of thoughts, images, and sensations occurring in a person\'s mind during sleep.','',11,NULL,NULL,'Easy','Moderate',NULL,NULL,NULL,NULL,NULL,1,0,'2026-01-08 11:59:30','2026-01-08 11:59:30','स्वप्न.',7,'Beginner','{\"A\":\"Reality\",\"B\":\"Fact\",\"C\":\"Fantasy\",\"D\":\"Truth\"}','C'),(63,'Drop','Let or make (something) fall vertically.','',11,NULL,NULL,'Easy','Moderate',NULL,NULL,NULL,NULL,NULL,1,0,'2026-01-08 11:59:30','2026-01-08 11:59:30','पडणे, खाली टाकणे.',7,'Beginner','{\"A\":\"Pick\",\"B\":\"Lift\",\"C\":\"Fall\",\"D\":\"Hold\"}','C'),(64,'Early','Happening or done before the usual or expected time.','',11,NULL,NULL,'Easy','Moderate',NULL,NULL,NULL,NULL,NULL,1,0,'2026-01-08 11:59:30','2026-01-08 11:59:30','लवकर.',7,'Beginner','{\"A\":\"Late\",\"B\":\"Delayed\",\"C\":\"Soon\",\"D\":\"After\"}','C'),(65,'Easy','Achieved without great effort; presenting few difficulties.','',11,NULL,NULL,'Easy','Moderate',NULL,NULL,NULL,NULL,NULL,1,0,'2026-01-08 11:59:30','2026-01-08 11:59:30','सोपे, सुलभ.',7,'Beginner','{\"A\":\"Hard\",\"B\":\"Difficult\",\"C\":\"Simple\",\"D\":\"Complex\"}','C'),(66,'Eat','Put (food) into the mouth and chew and swallow it.','',11,NULL,NULL,'Easy','Moderate',NULL,NULL,NULL,NULL,NULL,1,0,'2026-01-08 11:59:30','2026-01-08 11:59:30','खाणे.',7,'Beginner','{\"A\":\"Starve\",\"B\":\"Consume\",\"C\":\"Drink\",\"D\":\"Cook\"}','B'),(67,'Empty','Containing nothing; not filled or occupied.','',11,NULL,NULL,'Easy','Moderate',NULL,NULL,NULL,NULL,NULL,1,0,'2026-01-08 11:59:30','2026-01-08 11:59:30','रिकामे.',7,'Beginner','{\"A\":\"Full\",\"B\":\"Vacant\",\"C\":\"Crowded\",\"D\":\"Packed\"}','B'),(68,'Enjoy','Take delight or pleasure in (an activity or occasion).','',11,NULL,NULL,'Easy','Moderate',NULL,NULL,NULL,NULL,NULL,1,0,'2026-01-08 11:59:30','2026-01-08 11:59:30','आनंद घेणे, आवडणे.',7,'Beginner','{\"A\":\"Hate\",\"B\":\"Like\",\"C\":\"Dislike\",\"D\":\"Bore\"}','B'),(69,'Enter','Come or go into (a place).','',11,NULL,NULL,'Easy','Moderate',NULL,NULL,NULL,NULL,NULL,1,0,'2026-01-08 11:59:30','2026-01-08 11:59:30','प्रवेश करणे.',7,'Beginner','{\"A\":\"Exit\",\"B\":\"Access\",\"C\":\"Leave\",\"D\":\"Depart\"}','B'),(70,'Equal','Being the same in quantity, size, degree, or value.','',11,NULL,NULL,'Easy','Moderate',NULL,NULL,NULL,NULL,NULL,1,0,'2026-01-08 11:59:30','2026-01-08 11:59:30','समान, सारखे.',7,'Beginner','{\"A\":\"Different\",\"B\":\"Same\",\"C\":\"Uneven\",\"D\":\"Varied\"}','B'),(71,'Evil','Profoundly immoral and malevolent.','',11,NULL,NULL,'Easy','Moderate',NULL,NULL,NULL,NULL,NULL,1,0,'2026-01-08 11:59:30','2026-01-08 11:59:30','वाईट, दुष्ट.',8,'Beginner','{\"A\":\"Good\",\"B\":\"Kind\",\"C\":\"Wicked\",\"D\":\"Holy\"}','C'),(72,'Exit','Go out of or leave a place.','',11,NULL,NULL,'Easy','Moderate',NULL,NULL,NULL,NULL,NULL,1,0,'2026-01-08 11:59:30','2026-01-08 11:59:30','बाहेर पडणे.',8,'Beginner','{\"A\":\"Enter\",\"B\":\"Leave\",\"C\":\"Come\",\"D\":\"Stay\"}','B'),(73,'Brave','Ready to face and endure danger or pain.','',11,NULL,NULL,'Medium','Moderate',NULL,NULL,NULL,NULL,NULL,1,0,'2026-01-08 11:59:30','2026-01-08 11:59:30','शूर, धाडसी.',8,'Beginner','{\"A\":\"Scared\",\"B\":\"Courageous\",\"C\":\"Weak\",\"D\":\"Shy\"}','B'),(74,'Funny','Causing laughter or amusement.','',11,NULL,NULL,'Medium','Moderate',NULL,NULL,NULL,NULL,NULL,1,0,'2026-01-08 11:59:30','2026-01-08 11:59:30','विनोदी, मजेशीर.',8,'Beginner','{\"A\":\"Serious\",\"B\":\"Sad\",\"C\":\"Humorous\",\"D\":\"Boring\"}','C'),(75,'Idea','A thought or suggestion as to a possible course of action.','',11,NULL,NULL,'Medium','Moderate',NULL,NULL,NULL,NULL,NULL,1,0,'2026-01-08 11:59:30','2026-01-08 11:59:30','कल्पना, विचार.',8,'Beginner','{\"A\":\"Thing\",\"B\":\"Concept\",\"C\":\"Rock\",\"D\":\"Hand\"}','B'),(76,'Mistake','An action or judgment that is misguided or wrong.','',11,NULL,NULL,'Medium','Moderate',NULL,NULL,NULL,NULL,NULL,1,0,'2026-01-08 11:59:30','2026-01-08 11:59:30','चूक, गल्लत.',8,'Beginner','{\"A\":\"Fact\",\"B\":\"Error\",\"C\":\"Truth\",\"D\":\"Right\"}','B'),(77,'Old','Having lived for a long time; no longer young.','',11,NULL,NULL,'Medium','Moderate',NULL,NULL,NULL,NULL,NULL,1,0,'2026-01-08 11:59:30','2026-01-08 11:59:30','जुने, प्राचीन.',8,'Beginner','{\"A\":\"New\",\"B\":\"Fresh\",\"C\":\"Young\",\"D\":\"Ancient\"}','D'),(78,'Run','Move at a speed faster than a walk.','',11,NULL,NULL,'Medium','Moderate',NULL,NULL,NULL,NULL,NULL,1,0,'2026-01-08 11:59:30','2026-01-08 11:59:30','धावणे.',8,'Beginner','{\"A\":\"Walk\",\"B\":\"Sit\",\"C\":\"Sprint\",\"D\":\"Sleep\"}','C'),(79,'Teach','Show or explain to (someone) how to do something.','',11,NULL,NULL,'Medium','Moderate',NULL,NULL,NULL,NULL,NULL,1,0,'2026-01-08 11:59:30','2026-01-08 11:59:30','शिकवणे.',8,'Beginner','{\"A\":\"Learn\",\"B\":\"Study\",\"C\":\"Educate\",\"D\":\"Hide\"}','C'),(80,'Use','Take, hold, or deploy (something) as a means of accomplishing a purpose.','',11,NULL,NULL,'Medium','Moderate',NULL,NULL,NULL,NULL,NULL,1,0,'2026-01-08 11:59:30','2026-01-08 11:59:30','वापरणे.',8,'Beginner','{\"A\":\"Waste\",\"B\":\"Drop\",\"C\":\"Utilize\",\"D\":\"Save\"}','C'),(81,'Value','The importance, worth, or usefulness of something.','',11,NULL,NULL,'Medium','Moderate',NULL,NULL,NULL,NULL,NULL,1,0,'2026-01-08 11:59:30','2026-01-08 11:59:30','किंमत, मूल्य.',9,'Beginner','{\"A\":\"Cost\",\"B\":\"Trash\",\"C\":\"Worth\",\"D\":\"Waste\"}','C'),(82,'Want','Have a desire to possess or do (something).','',11,NULL,NULL,'Medium','Moderate',NULL,NULL,NULL,NULL,NULL,1,0,'2026-01-08 11:59:30','2026-01-08 11:59:30','पाहिजे असणे, इच्छा असणे.',9,'Beginner','{\"A\":\"Hate\",\"B\":\"Desire\",\"C\":\"Have\",\"D\":\"Give\"}','B'),(83,'Candid','Truthful and straightforward.','',11,NULL,NULL,'Medium','Moderate',NULL,NULL,NULL,NULL,NULL,1,0,'2026-01-08 11:59:30','2026-01-08 11:59:30','निष्कपट, स्पष्टवक्ता.',9,'Beginner','{\"A\":\"Lying\",\"B\":\"Secret\",\"C\":\"Honest\",\"D\":\"Fake\"}','C'),(84,'Eager','Strongly wanting to do or have something.','',11,NULL,NULL,'Medium','Moderate',NULL,NULL,NULL,NULL,NULL,1,0,'2026-01-08 11:59:30','2026-01-08 11:59:30','उत्सुक.',9,'Beginner','{\"A\":\"Bored\",\"B\":\"Keen\",\"C\":\"Slow\",\"D\":\"Calm\"}','B'),(85,'Gigantic','Of very great size or extent.','',11,NULL,NULL,'Medium','Moderate',NULL,NULL,NULL,NULL,NULL,1,0,'2026-01-08 11:59:30','2026-01-08 11:59:30','प्रचंड, अवाढव्य.',9,'Beginner','{\"A\":\"Tiny\",\"B\":\"Small\",\"C\":\"Huge\",\"D\":\"Short\"}','C'),(86,'Halt','Bring or come to an abrupt stop.','',11,NULL,NULL,'Medium','Moderate',NULL,NULL,NULL,NULL,NULL,1,0,'2026-01-08 11:59:30','2026-01-08 11:59:30','थांबणे, विराम.',9,'Beginner','{\"A\":\"Go\",\"B\":\"Run\",\"C\":\"Stop\",\"D\":\"Move\"}','C'),(87,'Lucky','Having, bringing, or resulting from good luck.','',11,NULL,NULL,'Medium','Moderate',NULL,NULL,NULL,NULL,NULL,1,0,'2026-01-08 11:59:30','2026-01-08 11:59:30','नशीबवान.',9,'Beginner','{\"A\":\"Sad\",\"B\":\"Fortunate\",\"C\":\"Bad\",\"D\":\"Poor\"}','B'),(88,'Modern','Relating to the present or recent times.','',11,NULL,NULL,'Medium','Moderate',NULL,NULL,NULL,NULL,NULL,1,0,'2026-01-08 11:59:30','2026-01-08 11:59:30','आधुनिक, नवीन.',9,'Beginner','{\"A\":\"Old\",\"B\":\"Ancient\",\"C\":\"New\",\"D\":\"Past\"}','C'),(89,'Odd','Different from what is usual or expected.','',11,NULL,NULL,'Medium','Moderate',NULL,NULL,NULL,NULL,NULL,1,0,'2026-01-08 11:59:30','2026-01-08 11:59:30','विचित्र, वेगळा.',9,'Beginner','{\"A\":\"Normal\",\"B\":\"Usual\",\"C\":\"Strange\",\"D\":\"Same\"}','C'),(90,'Polite','Having or showing behavior that is respectful.','',11,NULL,NULL,'Medium','Moderate',NULL,NULL,NULL,NULL,NULL,1,0,'2026-01-08 11:59:30','2026-01-08 11:59:30','विनम्र, सभ्य.',9,'Beginner','{\"A\":\"Rude\",\"B\":\"Respectful\",\"C\":\"Mean\",\"D\":\"Bad\"}','B'),(91,'Rare','Not occurring very often.','',11,NULL,NULL,'Medium','Moderate',NULL,NULL,NULL,NULL,NULL,1,0,'2026-01-08 11:59:30','2026-01-08 11:59:30','दुर्मिळ.',10,'Beginner','{\"A\":\"Common\",\"B\":\"Uncommon\",\"C\":\"Usual\",\"D\":\"Daily\"}','B'),(92,'Ability','Possession of the means or skill to do something.','',11,NULL,NULL,'Medium','Moderate',NULL,NULL,NULL,NULL,NULL,1,0,'2026-01-08 11:59:30','2026-01-08 11:59:30','क्षमता, कौशल्य.',10,'Beginner','{\"A\":\"Lack\",\"B\":\"Skill\",\"C\":\"Fear\",\"D\":\"Weakness\"}','B'),(93,'Accurate','Correct in all details; exact.','',11,NULL,NULL,'Medium','Moderate',NULL,NULL,NULL,NULL,NULL,1,0,'2026-01-08 11:59:30','2026-01-08 11:59:30','अचूक, नेमका.',10,'Beginner','{\"A\":\"Wrong\",\"B\":\"Vague\",\"C\":\"Precise\",\"D\":\"False\"}','C'),(94,'Admire','Regard with respect or warm approval.','',11,NULL,NULL,'Medium','Moderate',NULL,NULL,NULL,NULL,NULL,1,0,'2026-01-08 11:59:30','2026-01-08 11:59:30','कौतुक करणे, आदर करणे.',10,'Beginner','{\"A\":\"Hate\",\"B\":\"Respect\",\"C\":\"Ignore\",\"D\":\"Mock\"}','B'),(95,'Advice','Guidance or recommendations offered with regard to prudent future action.','',11,NULL,NULL,'Medium','Moderate',NULL,NULL,NULL,NULL,NULL,1,0,'2026-01-08 11:59:30','2026-01-08 11:59:30','सल्ला, मार्गदर्शन.',10,'Beginner','{\"A\":\"Guidance\",\"B\":\"Silence\",\"C\":\"Trick\",\"D\":\"Lie\"}','A'),(96,'Allow','Give (someone) permission to do something.','',11,NULL,NULL,'Medium','Moderate',NULL,NULL,NULL,NULL,NULL,1,0,'2026-01-08 11:59:30','2026-01-08 11:59:30','परवानगी देणे.',10,'Beginner','{\"A\":\"Ban\",\"B\":\"Stop\",\"C\":\"Permit\",\"D\":\"Deny\"}','C'),(97,'Amuse','Cause (someone) to find something funny or enjoyable.','',11,NULL,NULL,'Medium','Moderate',NULL,NULL,NULL,NULL,NULL,1,0,'2026-01-08 11:59:30','2026-01-08 11:59:30','करमणूक करणे, मनोरंजन करणे.',10,'Beginner','{\"A\":\"Bore\",\"B\":\"Anger\",\"C\":\"Entertain\",\"D\":\"Tire\"}','C'),(98,'Annoy','Irritate (someone); make (someone) a little angry.','',11,NULL,NULL,'Medium','Moderate',NULL,NULL,NULL,NULL,NULL,1,0,'2026-01-08 11:59:30','2026-01-08 11:59:30','त्रास देणे, चिडवणे.',10,'Beginner','{\"A\":\"Please\",\"B\":\"Help\",\"C\":\"Irritate\",\"D\":\"Soothe\"}','C'),(99,'Argue','Give reasons or cite evidence in support of an idea, action, or theory.','',11,NULL,NULL,'Medium','Moderate',NULL,NULL,NULL,NULL,NULL,1,0,'2026-01-08 11:59:30','2026-01-08 11:59:30','वाद घालणे.',10,'Beginner','{\"A\":\"Agree\",\"B\":\"Dispute\",\"C\":\"Accept\",\"D\":\"Nod\"}','B'),(100,'Attack','Take aggressive action against.','',11,NULL,NULL,'Medium','Moderate',NULL,NULL,NULL,NULL,NULL,1,0,'2026-01-08 11:59:30','2026-01-08 11:59:30','हल्ला करणे.',10,'Beginner','{\"A\":\"Defend\",\"B\":\"Assault\",\"C\":\"Protect\",\"D\":\"Guard\"}','B'),(101,'Attempt','Make an effort to achieve or complete.','',11,NULL,NULL,'Medium','Moderate',NULL,NULL,NULL,NULL,NULL,1,0,'2026-01-08 11:59:30','2026-01-08 11:59:30','प्रयत्न करणे.',11,'Beginner','{\"A\":\"Give up\",\"B\":\"Quit\",\"C\":\"Try\",\"D\":\"Fail\"}','C'),(102,'Awful','Very bad or unpleasant.','',11,NULL,NULL,'Medium','Moderate',NULL,NULL,NULL,NULL,NULL,1,0,'2026-01-08 11:59:30','2026-01-08 11:59:30','भयंकर, वाईट.',11,'Beginner','{\"A\":\"Good\",\"B\":\"Terrible\",\"C\":\"Nice\",\"D\":\"Great\"}','B'),(103,'Baggage','Personal belongings packed in suitcases for traveling.','',11,NULL,NULL,'Medium','Moderate',NULL,NULL,NULL,NULL,NULL,1,0,'2026-01-08 11:59:30','2026-01-08 11:59:30','सामान, ओझे.',11,'Beginner','{\"A\":\"Luggage\",\"B\":\"People\",\"C\":\"Ticket\",\"D\":\"Food\"}','A'),(104,'Basic','Forming an essential foundation or starting point.','',11,NULL,NULL,'Medium','Moderate',NULL,NULL,NULL,NULL,NULL,1,0,'2026-01-08 11:59:30','2026-01-08 11:59:30','मूळ, पायाभूत.',11,'Beginner','{\"A\":\"Extra\",\"B\":\"Complex\",\"C\":\"Fundamental\",\"D\":\"Advanced\"}','C'),(105,'Battle','A sustained fight between large, organized armed forces.','',11,NULL,NULL,'Medium','Moderate',NULL,NULL,NULL,NULL,NULL,1,0,'2026-01-08 11:59:30','2026-01-08 11:59:30','लढाई, युद्ध.',11,'Beginner','{\"A\":\"Peace\",\"B\":\"Fight\",\"C\":\"Hug\",\"D\":\"Truce\"}','B'),(106,'Believe','Accept (something) as true; feel sure of the truth of.','',11,NULL,NULL,'Medium','Moderate',NULL,NULL,NULL,NULL,NULL,1,0,'2026-01-08 11:59:30','2026-01-08 11:59:30','विश्वास ठेवणे.',11,'Beginner','{\"A\":\"Doubt\",\"B\":\"Trust\",\"C\":\"Deny\",\"D\":\"Lie\"}','B'),(107,'Blend','Mix (a substance) with another substance so that they combine together.','',11,NULL,NULL,'Medium','Moderate',NULL,NULL,NULL,NULL,NULL,1,0,'2026-01-08 11:59:30','2026-01-08 11:59:30','मिसळणे, एकजीव करणे.',11,'Beginner','{\"A\":\"Separate\",\"B\":\"Divide\",\"C\":\"Mix\",\"D\":\"Sort\"}','C'),(108,'Bold','Showing an ability to take risks; confident and courageous.','',11,NULL,NULL,'Medium','Moderate',NULL,NULL,NULL,NULL,NULL,1,0,'2026-01-08 11:59:30','2026-01-08 11:59:30','धाडसी, धीट.',11,'Beginner','{\"A\":\"Shy\",\"B\":\"Daring\",\"C\":\"Weak\",\"D\":\"Afraid\"}','B'),(109,'Brief','Of short duration.','',11,NULL,NULL,'Medium','Moderate',NULL,NULL,NULL,NULL,NULL,1,0,'2026-01-08 11:59:30','2026-01-08 11:59:30','संक्षिप्त, थोडक्यात.',11,'Beginner','{\"A\":\"Long\",\"B\":\"Short\",\"C\":\"Tall\",\"D\":\"Huge\"}','B'),(110,'Broad','Having an ample distance from side to side.','',11,NULL,NULL,'Medium','Moderate',NULL,NULL,NULL,NULL,NULL,1,0,'2026-01-08 11:59:30','2026-01-08 11:59:30','रुंद, विस्तृत.',11,'Beginner','{\"A\":\"Narrow\",\"B\":\"Wide\",\"C\":\"Thin\",\"D\":\"Tight\"}','B'),(111,'Careful','Making sure of avoiding potential danger, mishap, or harm.','',11,NULL,NULL,'Medium','Moderate',NULL,NULL,NULL,NULL,NULL,1,0,'2026-01-08 11:59:30','2026-01-08 11:59:30','सावध, काळजीपूर्वक.',12,'Beginner','{\"A\":\"Rash\",\"B\":\"Cautious\",\"C\":\"Fast\",\"D\":\"Blind\"}','B'),(112,'Cheat','Act dishonestly or unfairly in order to gain an advantage.','',11,NULL,NULL,'Medium','Moderate',NULL,NULL,NULL,NULL,NULL,1,0,'2026-01-08 11:59:30','2026-01-08 11:59:30','फसवणूक करणे.',12,'Beginner','{\"A\":\"Help\",\"B\":\"Deceive\",\"C\":\"Trust\",\"D\":\"Give\"}','B'),(113,'Check','Examine (something) in order to determine its accuracy.','',11,NULL,NULL,'Medium','Moderate',NULL,NULL,NULL,NULL,NULL,1,0,'2026-01-08 11:59:30','2026-01-08 11:59:30','तपासणे.',12,'Beginner','{\"A\":\"Guess\",\"B\":\"Verify\",\"C\":\"Ignore\",\"D\":\"Miss\"}','B'),(114,'Clear','Easy to perceive, understand, or interpret.','',11,NULL,NULL,'Medium','Moderate',NULL,NULL,NULL,NULL,NULL,1,0,'2026-01-08 11:59:30','2026-01-08 11:59:30','स्पष्ट, स्वच्छ.',12,'Beginner','{\"A\":\"Foggy\",\"B\":\"Transparent\",\"C\":\"Dark\",\"D\":\"Muddy\"}','B'),(115,'Collect','Bring or gather together.','',11,NULL,NULL,'Medium','Moderate',NULL,NULL,NULL,NULL,NULL,1,0,'2026-01-08 11:59:30','2026-01-08 11:59:30','गोळा करणे.',12,'Beginner','{\"A\":\"Scatter\",\"B\":\"Gather\",\"C\":\"Throw\",\"D\":\"Lost\"}','B'),(116,'Combine','Unite; merge.','',11,NULL,NULL,'Medium','Moderate',NULL,NULL,NULL,NULL,NULL,1,0,'2026-01-08 11:59:30','2026-01-08 11:59:30','एकत्र करणे.',12,'Beginner','{\"A\":\"Split\",\"B\":\"Unite\",\"C\":\"Break\",\"D\":\"Cut\"}','B'),(117,'Comfort','A state of physical ease and freedom from pain or constraint.','',11,NULL,NULL,'Medium','Moderate',NULL,NULL,NULL,NULL,NULL,1,0,'2026-01-08 11:59:30','2026-01-08 11:59:30','आराम, सुख.',12,'Beginner','{\"A\":\"Pain\",\"B\":\"Ease\",\"C\":\"Stress\",\"D\":\"Hurt\"}','B'),(118,'Complain','Express dissatisfaction or annoyance about a state of affairs or an event.','',11,NULL,NULL,'Medium','Moderate',NULL,NULL,NULL,NULL,NULL,1,0,'2026-01-08 11:59:30','2026-01-08 11:59:30','तक्रार करणे.',12,'Beginner','{\"A\":\"Praise\",\"B\":\"Grumble\",\"C\":\"Clap\",\"D\":\"Smile\"}','B'),(119,'Complete','Having all the necessary or appropriate parts.','',11,NULL,NULL,'Medium','Moderate',NULL,NULL,NULL,NULL,NULL,1,0,'2026-01-08 11:59:30','2026-01-08 11:59:30','पूर्ण, संपूर्ण.',12,'Beginner','{\"A\":\"Part\",\"B\":\"Whole\",\"C\":\"Half\",\"D\":\"Broken\"}','B'),(120,'Construct','Build or erect (something, typically a building, road, or machine).','',11,NULL,NULL,'Medium','Moderate',NULL,NULL,NULL,NULL,NULL,1,0,'2026-01-08 11:59:30','2026-01-08 11:59:30','बांधकाम करणे, रचणे.',12,'Beginner','{\"A\":\"Destroy\",\"B\":\"Build\",\"C\":\"Demolish\",\"D\":\"Ruin\"}','B'),(121,'Courage','The ability to do something that frightens one.','',11,NULL,NULL,'Medium','Moderate',NULL,NULL,NULL,NULL,NULL,1,0,'2026-01-08 11:59:30','2026-01-08 11:59:30','धैर्य, हिंमत.',13,'Beginner','{\"A\":\"Fear\",\"B\":\"Cowardice\",\"C\":\"Bravery\",\"D\":\"Panic\"}','C'),(122,'Crash','Collide violently with an obstacle or another vehicle.','',11,NULL,NULL,'Medium','Moderate',NULL,NULL,NULL,NULL,NULL,1,0,'2026-01-08 11:59:30','2026-01-08 11:59:30','धडक, टक्कर.',13,'Beginner','{\"A\":\"Safety\",\"B\":\"Collision\",\"C\":\"Flight\",\"D\":\"Repair\"}','B'),(123,'Cruel','Willfully causing pain or suffering to others.','',11,NULL,NULL,'Medium','Moderate',NULL,NULL,NULL,NULL,NULL,1,0,'2026-01-08 11:59:30','2026-01-08 11:59:30','क्रूर, दुष्ट.',13,'Beginner','{\"A\":\"Kind\",\"B\":\"Mean\",\"C\":\"Nice\",\"D\":\"Gentle\"}','B'),(124,'Cure','Relieve (a person or animal) of the symptoms of a disease or condition.','',11,NULL,NULL,'Medium','Moderate',NULL,NULL,NULL,NULL,NULL,1,0,'2026-01-08 11:59:30','2026-01-08 11:59:30','बरा करणे, उपचार.',13,'Beginner','{\"A\":\"Infect\",\"B\":\"Heal\",\"C\":\"Hurt\",\"D\":\"Injure\"}','B'),(125,'Damage','Physical harm caused to something in such a way as to impair its value.','',11,NULL,NULL,'Medium','Moderate',NULL,NULL,NULL,NULL,NULL,1,0,'2026-01-08 11:59:30','2026-01-08 11:59:30','नुकसान, हानी.',13,'Beginner','{\"A\":\"Repair\",\"B\":\"Fix\",\"C\":\"Harm\",\"D\":\"Build\"}','C'),(126,'Danger','The possibility of suffering harm or injury.','',11,NULL,NULL,'Medium','Moderate',NULL,NULL,NULL,NULL,NULL,1,0,'2026-01-08 11:59:30','2026-01-08 11:59:30','धोका.',13,'Beginner','{\"A\":\"Safety\",\"B\":\"Peril\",\"C\":\"Secure\",\"D\":\"Peace\"}','B'),(127,'Decide','Come to a resolution in the mind as a result of consideration.','',11,NULL,NULL,'Medium','Moderate',NULL,NULL,NULL,NULL,NULL,1,0,'2026-01-08 11:59:30','2026-01-08 11:59:30','निर्णय घेणे, ठरवणे.',13,'Beginner','{\"A\":\"Hesitate\",\"B\":\"Choose\",\"C\":\"Wait\",\"D\":\"Delay\"}','B'),(128,'Defeat','Win a victory over (someone) in a battle or other contest.','',11,NULL,NULL,'Medium','Moderate',NULL,NULL,NULL,NULL,NULL,1,0,'2026-01-08 11:59:30','2026-01-08 11:59:30','पराभव करणे, हरवणे.',13,'Beginner','{\"A\":\"Lose\",\"B\":\"Beat\",\"C\":\"Surrender\",\"D\":\"Fail\"}','B'),(129,'Defend','Resist an attack made on (someone or something).','',11,NULL,NULL,'Medium','Moderate',NULL,NULL,NULL,NULL,NULL,1,0,'2026-01-08 11:59:30','2026-01-08 11:59:30','रक्षण करणे, बचाव करणे.',13,'Beginner','{\"A\":\"Attack\",\"B\":\"Harm\",\"C\":\"Protect\",\"D\":\"Hit\"}','C'),(130,'Describe','Give an account in words of (someone or something).','',11,NULL,NULL,'Medium','Moderate',NULL,NULL,NULL,NULL,NULL,1,0,'2026-01-08 11:59:30','2026-01-08 11:59:30','वर्णन करणे.',13,'Beginner','{\"A\":\"Hide\",\"B\":\"Confuse\",\"C\":\"Explain\",\"D\":\"Ignore\"}','C'),(131,'Destroy','Put an end to the existence of (something) by damaging or attacking it.','',11,NULL,NULL,'Medium','Moderate',NULL,NULL,NULL,NULL,NULL,1,0,'2026-01-08 11:59:30','2026-01-08 11:59:30','नाश करणे, उध्वस्त करणे.',14,'Beginner','{\"A\":\"Create\",\"B\":\"Build\",\"C\":\"Ruin\",\"D\":\"Fix\"}','C'),(132,'Disagree','Have or express a different opinion.','',11,NULL,NULL,'Medium','Moderate',NULL,NULL,NULL,NULL,NULL,1,0,'2026-01-08 11:59:30','2026-01-08 11:59:30','असहमत असणे.',14,'Beginner','{\"A\":\"Agree\",\"B\":\"Accept\",\"C\":\"Differ\",\"D\":\"Same\"}','C'),(133,'Disappear','Cease to be visible.','',11,NULL,NULL,'Medium','Moderate',NULL,NULL,NULL,NULL,NULL,1,0,'2026-01-08 11:59:30','2026-01-08 11:59:30','गायब होणे, नाहीसे होणे.',14,'Beginner','{\"A\":\"Appear\",\"B\":\"Vanish\",\"C\":\"Show\",\"D\":\"See\"}','B'),(134,'Doubt','A feeling of uncertainty or lack of conviction.','',11,NULL,NULL,'Medium','Moderate',NULL,NULL,NULL,NULL,NULL,1,0,'2026-01-08 11:59:30','2026-01-08 11:59:30','शंका, संशय.',14,'Beginner','{\"A\":\"Belief\",\"B\":\"Trust\",\"C\":\"Mistrust\",\"D\":\"Faith\"}','C'),(135,'Dry','Free from moisture or liquid; not wet.','',11,NULL,NULL,'Medium','Moderate',NULL,NULL,NULL,NULL,NULL,1,0,'2026-01-08 11:59:30','2026-01-08 11:59:30','कोरडा, सुका.',14,'Beginner','{\"A\":\"Wet\",\"B\":\"Soaked\",\"C\":\"Arid\",\"D\":\"Damp\"}','C'),(136,'Effect','A change that is a result or consequence of an action or other cause.','',11,NULL,NULL,'Medium','Moderate',NULL,NULL,NULL,NULL,NULL,1,0,'2026-01-08 11:59:30','2026-01-08 11:59:30','परिणाम.',14,'Beginner','{\"A\":\"Cause\",\"B\":\"Start\",\"C\":\"Result\",\"D\":\"Origin\"}','C'),(137,'Enemy','A person who is actively opposed or hostile to someone or something.','',11,NULL,NULL,'Medium','Moderate',NULL,NULL,NULL,NULL,NULL,1,0,'2026-01-08 11:59:30','2026-01-08 11:59:30','शत्रू.',14,'Beginner','{\"A\":\"Friend\",\"B\":\"Ally\",\"C\":\"Foe\",\"D\":\"Partner\"}','C'),(138,'Enough','As much or as many as required.','',11,NULL,NULL,'Medium','Moderate',NULL,NULL,NULL,NULL,NULL,1,0,'2026-01-08 11:59:30','2026-01-08 11:59:30','पुरेसे.',14,'Beginner','{\"A\":\"Lacking\",\"B\":\"Sufficient\",\"C\":\"Need\",\"D\":\"Want\"}','B'),(139,'Entire','With no part left out; whole.','',11,NULL,NULL,'Medium','Moderate',NULL,NULL,NULL,NULL,NULL,1,0,'2026-01-08 11:59:30','2026-01-08 11:59:30','संपूर्ण, सगळे.',14,'Beginner','{\"A\":\"Part\",\"B\":\"Piece\",\"C\":\"Whole\",\"D\":\"Half\"}','C'),(140,'Escape','Break free from confinement or control.','',11,NULL,NULL,'Medium','Moderate',NULL,NULL,NULL,NULL,NULL,1,0,'2026-01-08 11:59:30','2026-01-08 11:59:30','सुटका होणे, पळून जाणे.',14,'Beginner','{\"A\":\"Stay\",\"B\":\"Flee\",\"C\":\"Wait\",\"D\":\"Capture\"}','B'),(141,'Event','A thing that happens, especially one of importance.','',11,NULL,NULL,'Medium','Moderate',NULL,NULL,NULL,NULL,NULL,1,0,'2026-01-08 11:59:30','2026-01-08 11:59:30','घटना, प्रसंग.',15,'Beginner','{\"A\":\"Idea\",\"B\":\"Incident\",\"C\":\"Thought\",\"D\":\"Dream\"}','B'),(142,'Exact','Not approximated in any way; accurate.','',11,NULL,NULL,'Medium','Moderate',NULL,NULL,NULL,NULL,NULL,1,0,'2026-01-08 11:59:30','2026-01-08 11:59:30','नेमका, तंतोतंत.',15,'Beginner','{\"A\":\"Guess\",\"B\":\"Precise\",\"C\":\"Rough\",\"D\":\"Wrong\"}','B'),(143,'Excite','Cause very strong feelings of enthusiasm.','',11,NULL,NULL,'Medium','Moderate',NULL,NULL,NULL,NULL,NULL,1,0,'2026-01-08 11:59:30','2026-01-08 11:59:30','उत्तेजित करणे.',15,'Beginner','{\"A\":\"Bore\",\"B\":\"Calm\",\"C\":\"Thrill\",\"D\":\"Tire\"}','C'),(144,'Expand','Become or make larger or more extensive.','',11,NULL,NULL,'Medium','Moderate',NULL,NULL,NULL,NULL,NULL,1,0,'2026-01-08 11:59:30','2026-01-08 11:59:30','विस्तार करणे, वाढवणे.',15,'Beginner','{\"A\":\"Shrink\",\"B\":\"Grow\",\"C\":\"Reduce\",\"D\":\"Small\"}','B'),(145,'Protect','No definition','',11,NULL,NULL,'Medium','Moderate',NULL,NULL,NULL,NULL,NULL,1,0,'2026-01-08 11:59:30','2026-01-08 11:59:30','',15,'Beginner','{\"A\":\"Attack\",\"B\":\"Protect\",\"C\":\"Ignore\",\"D\":\"Damage\"}','B'),(146,'Proud','No definition','',11,NULL,NULL,'Medium','Moderate',NULL,NULL,NULL,NULL,NULL,1,0,'2026-01-08 11:59:30','2026-01-08 11:59:30','',15,'Beginner','{\"A\":\"Ashamed\",\"B\":\"Proud\",\"C\":\"Sad\",\"D\":\"Angry\"}','B'),(147,'Prove','No definition','',11,NULL,NULL,'Medium','Moderate',NULL,NULL,NULL,NULL,NULL,1,0,'2026-01-08 11:59:30','2026-01-08 11:59:30','',15,'Beginner','{\"A\":\"Guess\",\"B\":\"Prove\",\"C\":\"Hide\",\"D\":\"Doubt\"}','B'),(148,'Provide','No definition','',11,NULL,NULL,'Medium','Moderate',NULL,NULL,NULL,NULL,NULL,1,0,'2026-01-08 11:59:30','2026-01-08 11:59:30','',15,'Beginner','{\"A\":\"Take\",\"B\":\"Provide\",\"C\":\"Steal\",\"D\":\"Keep\"}','B'),(149,'Public','No definition','',11,NULL,NULL,'Medium','Moderate',NULL,NULL,NULL,NULL,NULL,1,0,'2026-01-08 11:59:30','2026-01-08 11:59:30','',15,'Beginner','{\"A\":\"Private\",\"B\":\"Public\",\"C\":\"Secret\",\"D\":\"Hidden\"}','B'),(150,'Publish','No definition','',11,NULL,NULL,'Medium','Moderate',NULL,NULL,NULL,NULL,NULL,1,0,'2026-01-08 11:59:30','2026-01-08 11:59:30','',15,'Beginner','{\"A\":\"Read\",\"B\":\"Publish\",\"C\":\"Hide\",\"D\":\"Burn\"}','B'),(151,'Punish','No definition','',11,NULL,NULL,'Medium','Moderate',NULL,NULL,NULL,NULL,NULL,1,0,'2026-01-08 11:59:30','2026-01-08 11:59:30','',16,'Beginner','{\"A\":\"Reward\",\"B\":\"Punish\",\"C\":\"Help\",\"D\":\"Praise\"}','B'),(152,'Purpose','No definition','',11,NULL,NULL,'Medium','Moderate',NULL,NULL,NULL,NULL,NULL,1,0,'2026-01-08 11:59:30','2026-01-08 11:59:30','',16,'Beginner','{\"A\":\"Mistake\",\"B\":\"Purpose\",\"C\":\"Accident\",\"D\":\"Time\"}','B'),(153,'Quality','No definition','',11,NULL,NULL,'Medium','Moderate',NULL,NULL,NULL,NULL,NULL,1,0,'2026-01-08 11:59:30','2026-01-08 11:59:30','',16,'Beginner','{\"A\":\"Size\",\"B\":\"Quality\",\"C\":\"Price\",\"D\":\"Name\"}','B'),(154,'Quantity','No definition','',11,NULL,NULL,'Medium','Moderate',NULL,NULL,NULL,NULL,NULL,1,0,'2026-01-08 11:59:30','2026-01-08 11:59:30','',16,'Beginner','{\"A\":\"Color\",\"B\":\"Quantity\",\"C\":\"Quality\",\"D\":\"Shape\"}','B'),(155,'Raise','No definition','',11,NULL,NULL,'Medium','Moderate',NULL,NULL,NULL,NULL,NULL,1,0,'2026-01-08 11:59:30','2026-01-08 11:59:30','',16,'Beginner','{\"A\":\"Drop\",\"B\":\"Raise\",\"C\":\"Push\",\"D\":\"Fall\"}','B'),(156,'Range','No definition','',11,NULL,NULL,'Medium','Moderate',NULL,NULL,NULL,NULL,NULL,1,0,'2026-01-08 11:59:30','2026-01-08 11:59:30','',16,'Beginner','{\"A\":\"Point\",\"B\":\"Range\",\"C\":\"Spot\",\"D\":\"Line\"}','B'),(157,'Rate','No definition','',11,NULL,NULL,'Medium','Moderate',NULL,NULL,NULL,NULL,NULL,1,0,'2026-01-08 11:59:30','2026-01-08 11:59:30','',16,'Beginner','{\"A\":\"Name\",\"B\":\"Rate\",\"C\":\"Shape\",\"D\":\"Color\"}','B'),(158,'Reach','No definition','',11,NULL,NULL,'Medium','Moderate',NULL,NULL,NULL,NULL,NULL,1,0,'2026-01-08 11:59:30','2026-01-08 11:59:30','',16,'Beginner','{\"A\":\"Leave\",\"B\":\"Reach\",\"C\":\"Start\",\"D\":\"Miss\"}','B'),(159,'React','No definition','',11,NULL,NULL,'Medium','Moderate',NULL,NULL,NULL,NULL,NULL,1,0,'2026-01-08 11:59:30','2026-01-08 11:59:30','',16,'Beginner','{\"A\":\"Ignore\",\"B\":\"React\",\"C\":\"Sleep\",\"D\":\"Wait\"}','B'),(160,'Realize','No definition','',11,NULL,NULL,'Medium','Moderate',NULL,NULL,NULL,NULL,NULL,1,0,'2026-01-08 11:59:30','2026-01-08 11:59:30','',16,'Beginner','{\"A\":\"Forget\",\"B\":\"Realize\",\"C\":\"Lose\",\"D\":\"Miss\"}','B'),(161,'Reason','No definition','',11,NULL,NULL,'Medium','Moderate',NULL,NULL,NULL,NULL,NULL,1,0,'2026-01-08 11:59:30','2026-01-08 11:59:30','',17,'Beginner','{\"A\":\"Result\",\"B\":\"Reason\",\"C\":\"Lie\",\"D\":\"Dream\"}','B'),(162,'Receive','No definition','',11,NULL,NULL,'Medium','Moderate',NULL,NULL,NULL,NULL,NULL,1,0,'2026-01-08 11:59:30','2026-01-08 11:59:30','',17,'Beginner','{\"A\":\"Give\",\"B\":\"Receive\",\"C\":\"Send\",\"D\":\"Throw\"}','B'),(163,'Recognize','No definition','',11,NULL,NULL,'Medium','Moderate',NULL,NULL,NULL,NULL,NULL,1,0,'2026-01-08 11:59:30','2026-01-08 11:59:30','',17,'Beginner','{\"A\":\"Forget\",\"B\":\"Recognize\",\"C\":\"Ignore\",\"D\":\"Meet\"}','B'),(164,'Recommend','No definition','',11,NULL,NULL,'Medium','Moderate',NULL,NULL,NULL,NULL,NULL,1,0,'2026-01-08 11:59:30','2026-01-08 11:59:30','',17,'Beginner','{\"A\":\"Criticize\",\"B\":\"Recommend\",\"C\":\"Hate\",\"D\":\"Stop\"}','B'),(165,'Record','No definition','',11,NULL,NULL,'Medium','Moderate',NULL,NULL,NULL,NULL,NULL,1,0,'2026-01-08 11:59:30','2026-01-08 11:59:30','',17,'Beginner','{\"A\":\"Erase\",\"B\":\"Record\",\"C\":\"Speak\",\"D\":\"Forget\"}','B'),(166,'Recover','No definition','',11,NULL,NULL,'Medium','Moderate',NULL,NULL,NULL,NULL,NULL,1,0,'2026-01-08 11:59:30','2026-01-08 11:59:30','',17,'Beginner','{\"A\":\"Worsen\",\"B\":\"Recover\",\"C\":\"Sick\",\"D\":\"Die\"}','B'),(167,'Refuse','No definition','',11,NULL,NULL,'Medium','Moderate',NULL,NULL,NULL,NULL,NULL,1,0,'2026-01-08 11:59:30','2026-01-08 11:59:30','',17,'Beginner','{\"A\":\"Agree\",\"B\":\"Refuse\",\"C\":\"Accept\",\"D\":\"Start\"}','B'),(168,'Regret','No definition','',11,NULL,NULL,'Medium','Moderate',NULL,NULL,NULL,NULL,NULL,1,0,'2026-01-08 11:59:30','2026-01-08 11:59:30','',17,'Beginner','{\"A\":\"Enjoy\",\"B\":\"Regret\",\"C\":\"Plan\",\"D\":\"Like\"}','B'),(169,'Regular','No definition','',11,NULL,NULL,'Medium','Moderate',NULL,NULL,NULL,NULL,NULL,1,0,'2026-01-08 11:59:30','2026-01-08 11:59:30','',17,'Beginner','{\"A\":\"Rare\",\"B\":\"Regular\",\"C\":\"Never\",\"D\":\"Once\"}','B'),(170,'Reject','No definition','',11,NULL,NULL,'Medium','Moderate',NULL,NULL,NULL,NULL,NULL,1,0,'2026-01-08 11:59:30','2026-01-08 11:59:30','',17,'Beginner','{\"A\":\"Accept\",\"B\":\"Reject\",\"C\":\"Keep\",\"D\":\"Love\"}','B'),(171,'Relate','No definition','',11,NULL,NULL,'Medium','Moderate',NULL,NULL,NULL,NULL,NULL,1,0,'2026-01-08 11:59:30','2026-01-08 11:59:30','',18,'Beginner','{\"A\":\"Separate\",\"B\":\"Relate\",\"C\":\"Divide\",\"D\":\"Cut\"}','B'),(172,'Relax','No definition','',11,NULL,NULL,'Medium','Moderate',NULL,NULL,NULL,NULL,NULL,1,0,'2026-01-08 11:59:30','2026-01-08 11:59:30','',18,'Beginner','{\"A\":\"Stress\",\"B\":\"Relax\",\"C\":\"Work\",\"D\":\"Run\"}','B'),(173,'Release','No definition','',11,NULL,NULL,'Medium','Moderate',NULL,NULL,NULL,NULL,NULL,1,0,'2026-01-08 11:59:30','2026-01-08 11:59:30','',18,'Beginner','{\"A\":\"Capture\",\"B\":\"Release\",\"C\":\"Hold\",\"D\":\"Keep\"}','B'),(174,'Rely','No definition','',11,NULL,NULL,'Medium','Moderate',NULL,NULL,NULL,NULL,NULL,1,0,'2026-01-08 11:59:30','2026-01-08 11:59:30','',18,'Beginner','{\"A\":\"Doubt\",\"B\":\"Rely\",\"C\":\"Ignore\",\"D\":\"Leave\"}','B'),(175,'Remain','No definition','',11,NULL,NULL,'Medium','Moderate',NULL,NULL,NULL,NULL,NULL,1,0,'2026-01-08 11:59:30','2026-01-08 11:59:30','',18,'Beginner','{\"A\":\"Leave\",\"B\":\"Remain\",\"C\":\"Go\",\"D\":\"Move\"}','B'),(176,'Remember','No definition','',11,NULL,NULL,'Medium','Moderate',NULL,NULL,NULL,NULL,NULL,1,0,'2026-01-08 11:59:30','2026-01-08 11:59:30','',18,'Beginner','{\"A\":\"Forget\",\"B\":\"Remember\",\"C\":\"Lose\",\"D\":\"Miss\"}','B'),(177,'Remind','No definition','',11,NULL,NULL,'Medium','Moderate',NULL,NULL,NULL,NULL,NULL,1,0,'2026-01-08 11:59:30','2026-01-08 11:59:30','',18,'Beginner','{\"A\":\"Forget\",\"B\":\"Remind\",\"C\":\"Ignore\",\"D\":\"Hide\"}','B'),(178,'Remove','No definition','',11,NULL,NULL,'Medium','Moderate',NULL,NULL,NULL,NULL,NULL,1,0,'2026-01-08 11:59:30','2026-01-08 11:59:30','',18,'Beginner','{\"A\":\"Add\",\"B\":\"Remove\",\"C\":\"Keep\",\"D\":\"Stay\"}','B'),(179,'Repair','No definition','',11,NULL,NULL,'Medium','Moderate',NULL,NULL,NULL,NULL,NULL,1,0,'2026-01-08 11:59:30','2026-01-08 11:59:30','',18,'Beginner','{\"A\":\"Break\",\"B\":\"Repair\",\"C\":\"Destroy\",\"D\":\"Lose\"}','B'),(180,'Repeat','No definition','',11,NULL,NULL,'Medium','Moderate',NULL,NULL,NULL,NULL,NULL,1,0,'2026-01-08 11:59:30','2026-01-08 11:59:30','',18,'Beginner','{\"A\":\"Stop\",\"B\":\"Repeat\",\"C\":\"Silence\",\"D\":\"End\"}','B'),(181,'Reply','No definition','',11,NULL,NULL,'Medium','Moderate',NULL,NULL,NULL,NULL,NULL,1,0,'2026-01-08 11:59:30','2026-01-08 11:59:30','',19,'Beginner','{\"A\":\"Ask\",\"B\":\"Reply\",\"C\":\"Listen\",\"D\":\"Ignore\"}','B'),(182,'Report','No definition','',11,NULL,NULL,'Medium','Moderate',NULL,NULL,NULL,NULL,NULL,1,0,'2026-01-08 11:59:30','2026-01-08 11:59:30','',19,'Beginner','{\"A\":\"Blank\",\"B\":\"Report\",\"C\":\"Silence\",\"D\":\"Secret\"}','B'),(183,'Request','No definition','',11,NULL,NULL,'Medium','Moderate',NULL,NULL,NULL,NULL,NULL,1,0,'2026-01-08 11:59:30','2026-01-08 11:59:30','',19,'Beginner','{\"A\":\"Command\",\"B\":\"Request\",\"C\":\"Order\",\"D\":\"Demand\"}','B'),(184,'Require','No definition','',11,NULL,NULL,'Medium','Moderate',NULL,NULL,NULL,NULL,NULL,1,0,'2026-01-08 11:59:30','2026-01-08 11:59:30','',19,'Beginner','{\"A\":\"Hate\",\"B\":\"Require\",\"C\":\"Give\",\"D\":\"Sell\"}','B'),(185,'Rescue','No definition','',11,NULL,NULL,'Medium','Moderate',NULL,NULL,NULL,NULL,NULL,1,0,'2026-01-08 11:59:30','2026-01-08 11:59:30','',19,'Beginner','{\"A\":\"Harm\",\"B\":\"Rescue\",\"C\":\"Leave\",\"D\":\"Trap\"}','B'),(186,'Respect','No definition','',11,NULL,NULL,'Medium','Moderate',NULL,NULL,NULL,NULL,NULL,1,0,'2026-01-08 11:59:30','2026-01-08 11:59:30','',19,'Beginner','{\"A\":\"Disrespect\",\"B\":\"Respect\",\"C\":\"Insult\",\"D\":\"Joke\"}','B'),(187,'Responsible','No definition','',11,NULL,NULL,'Medium','Moderate',NULL,NULL,NULL,NULL,NULL,1,0,'2026-01-08 11:59:30','2026-01-08 11:59:30','',19,'Beginner','{\"A\":\"Careless\",\"B\":\"Responsible\",\"C\":\"Lazy\",\"D\":\"Free\"}','B'),(188,'Rest','No definition','',11,NULL,NULL,'Medium','Moderate',NULL,NULL,NULL,NULL,NULL,1,0,'2026-01-08 11:59:30','2026-01-08 11:59:30','',19,'Beginner','{\"A\":\"Work\",\"B\":\"Rest\",\"C\":\"Run\",\"D\":\"Stress\"}','B'),(189,'Result','No definition','',11,NULL,NULL,'Medium','Moderate',NULL,NULL,NULL,NULL,NULL,1,0,'2026-01-08 11:59:30','2026-01-08 11:59:30','',19,'Beginner','{\"A\":\"Cause\",\"B\":\"Result\",\"C\":\"Start\",\"D\":\"Origin\"}','B'),(190,'Retire','No definition','',11,NULL,NULL,'Medium','Moderate',NULL,NULL,NULL,NULL,NULL,1,0,'2026-01-08 11:59:30','2026-01-08 11:59:30','',19,'Beginner','{\"A\":\"Start\",\"B\":\"Retire\",\"C\":\"Hire\",\"D\":\"Join\"}','B'),(191,'Return','No definition','',11,NULL,NULL,'Medium','Moderate',NULL,NULL,NULL,NULL,NULL,1,0,'2026-01-08 11:59:30','2026-01-08 11:59:30','',20,'Beginner','{\"A\":\"Leave\",\"B\":\"Return\",\"C\":\"Exit\",\"D\":\"Stay\"}','B'),(192,'Reveal','No definition','',11,NULL,NULL,'Medium','Moderate',NULL,NULL,NULL,NULL,NULL,1,0,'2026-01-08 11:59:30','2026-01-08 11:59:30','',20,'Beginner','{\"A\":\"Hide\",\"B\":\"Reveal\",\"C\":\"Cover\",\"D\":\"Secret\"}','B'),(193,'Revenge','No definition','',11,NULL,NULL,'Medium','Moderate',NULL,NULL,NULL,NULL,NULL,1,0,'2026-01-08 11:59:30','2026-01-08 11:59:30','',20,'Beginner','{\"A\":\"Forgiveness\",\"B\":\"Revenge\",\"C\":\"Love\",\"D\":\"Peace\"}','B'),(194,'Accomplish','No definition','',11,NULL,NULL,'Medium','Moderate',NULL,NULL,NULL,NULL,NULL,1,0,'2026-01-08 11:59:30','2026-01-08 11:59:30','',20,'Beginner','{\"A\":\"Fail\",\"B\":\"Accomplish\",\"C\":\"Lose\",\"D\":\"Drop\"}','B'),(195,'Adapt','No definition','',11,NULL,NULL,'Medium','Moderate',NULL,NULL,NULL,NULL,NULL,1,0,'2026-01-08 11:59:30','2026-01-08 11:59:30','',20,'Beginner','{\"A\":\"Stay\",\"B\":\"Adapt\",\"C\":\"Refuse\",\"D\":\"Ignore\"}','B'),(196,'Adequate','No definition','',11,NULL,NULL,'Medium','Moderate',NULL,NULL,NULL,NULL,NULL,1,0,'2026-01-08 11:59:30','2026-01-08 11:59:30','',20,'Beginner','{\"A\":\"Scarce\",\"B\":\"Adequate\",\"C\":\"Insufficient\",\"D\":\"Empty\"}','B'),(197,'Admit','No definition','',11,NULL,NULL,'Medium','Moderate',NULL,NULL,NULL,NULL,NULL,1,0,'2026-01-08 11:59:30','2026-01-08 11:59:30','',20,'Beginner','{\"A\":\"Deny\",\"B\":\"Admit\",\"C\":\"Hide\",\"D\":\"Lie\"}','B'),(198,'Adopt','No definition','',11,NULL,NULL,'Medium','Moderate',NULL,NULL,NULL,NULL,NULL,1,0,'2026-01-08 11:59:30','2026-01-08 11:59:30','',20,'Beginner','{\"A\":\"Abandon\",\"B\":\"Adopt\",\"C\":\"Reject\",\"D\":\"Sell\"}','B'),(199,'Advantage','No definition','',11,NULL,NULL,'Medium','Moderate',NULL,NULL,NULL,NULL,NULL,1,0,'2026-01-08 11:59:30','2026-01-08 11:59:30','',20,'Beginner','{\"A\":\"Obstacle\",\"B\":\"Advantage\",\"C\":\"Disadvantage\",\"D\":\"Problem\"}','B'),(200,'Advertise','No definition','',11,NULL,NULL,'Medium','Moderate',NULL,NULL,NULL,NULL,NULL,1,0,'2026-01-08 11:59:30','2026-01-08 11:59:30','',20,'Beginner','{\"A\":\"Hide\",\"B\":\"Advertise\",\"C\":\"Buy\",\"D\":\"Steal\"}','B'),(201,'Affect','No definition','',11,NULL,NULL,'Medium','Moderate',NULL,NULL,NULL,NULL,NULL,1,0,'2026-01-08 11:59:30','2026-01-08 11:59:30','',21,'Beginner','{\"A\":\"Ignore\",\"B\":\"Affect\",\"C\":\"Sleep\",\"D\":\"Wait\"}','B'),(202,'Afford','No definition','',11,NULL,NULL,'Medium','Moderate',NULL,NULL,NULL,NULL,NULL,1,0,'2026-01-08 11:59:30','2026-01-08 11:59:30','',21,'Beginner','{\"A\":\"Steal\",\"B\":\"Afford\",\"C\":\"Borrow\",\"D\":\"Owe\"}','B'),(203,'Agency','No definition','',11,NULL,NULL,'Medium','Moderate',NULL,NULL,NULL,NULL,NULL,1,0,'2026-01-08 11:59:30','2026-01-08 11:59:30','',21,'Beginner','{\"A\":\"Home\",\"B\":\"Agency\",\"C\":\"Park\",\"D\":\"Street\"}','B'),(204,'Agent','No definition','',11,NULL,NULL,'Medium','Moderate',NULL,NULL,NULL,NULL,NULL,1,0,'2026-01-08 11:59:30','2026-01-08 11:59:30','',21,'Beginner','{\"A\":\"Enemy\",\"B\":\"Agent\",\"C\":\"Boss\",\"D\":\"Stranger\"}','B'),(205,'Aggressive','No definition','',11,NULL,NULL,'Medium','Moderate',NULL,NULL,NULL,NULL,NULL,1,0,'2026-01-08 11:59:30','2026-01-08 11:59:30','',21,'Beginner','{\"A\":\"Calm\",\"B\":\"Aggressive\",\"C\":\"Shy\",\"D\":\"Peaceful\"}','B'),(206,'Agriculture','No definition','',11,NULL,NULL,'Medium','Moderate',NULL,NULL,NULL,NULL,NULL,1,0,'2026-01-08 11:59:30','2026-01-08 11:59:30','',21,'Beginner','{\"A\":\"Industry\",\"B\":\"Agriculture\",\"C\":\"Mining\",\"D\":\"Fishing\"}','B'),(207,'Aid','No definition','',11,NULL,NULL,'Medium','Moderate',NULL,NULL,NULL,NULL,NULL,1,0,'2026-01-08 11:59:30','2026-01-08 11:59:30','',21,'Beginner','{\"A\":\"Hinder\",\"B\":\"Aid\",\"C\":\"Stop\",\"D\":\"Block\"}','B'),(208,'Alter','No definition','',11,NULL,NULL,'Medium','Moderate',NULL,NULL,NULL,NULL,NULL,1,0,'2026-01-08 11:59:30','2026-01-08 11:59:30','',21,'Beginner','{\"A\":\"Keep\",\"B\":\"Alter\",\"C\":\"Fix\",\"D\":\"Stay\"}','B'),(209,'Alternative','No definition','',11,NULL,NULL,'Medium','Moderate',NULL,NULL,NULL,NULL,NULL,1,0,'2026-01-08 11:59:30','2026-01-08 11:59:30','',21,'Beginner','{\"A\":\"Choice\",\"B\":\"Alternative\",\"C\":\"Force\",\"D\":\"Rule\"}','B'),(210,'Amaze','No definition','',11,NULL,NULL,'Medium','Moderate',NULL,NULL,NULL,NULL,NULL,1,0,'2026-01-08 11:59:30','2026-01-08 11:59:30','',21,'Beginner','{\"A\":\"Bore\",\"B\":\"Amaze\",\"C\":\"Calm\",\"D\":\"Tire\"}','B'),(211,'Ambition','No definition','',11,NULL,NULL,'Medium','Moderate',NULL,NULL,NULL,NULL,NULL,1,0,'2026-01-08 11:59:30','2026-01-08 11:59:30','',22,'Beginner','{\"A\":\"Laziness\",\"B\":\"Ambition\",\"C\":\"Fear\",\"D\":\"Doubt\"}','B'),(212,'Analyze','No definition','',11,NULL,NULL,'Medium','Moderate',NULL,NULL,NULL,NULL,NULL,1,0,'2026-01-08 11:59:30','2026-01-08 11:59:30','',22,'Beginner','{\"A\":\"Guess\",\"B\":\"Analyze\",\"C\":\"Ignore\",\"D\":\"Forget\"}','B'),(213,'Ancient','No definition','',11,NULL,NULL,'Medium','Moderate',NULL,NULL,NULL,NULL,NULL,1,0,'2026-01-08 11:59:30','2026-01-08 11:59:30','',22,'Beginner','{\"A\":\"Modern\",\"B\":\"Ancient\",\"C\":\"New\",\"D\":\"Future\"}','B'),(214,'Anniversary','No definition','',11,NULL,NULL,'Medium','Moderate',NULL,NULL,NULL,NULL,NULL,1,0,'2026-01-08 11:59:30','2026-01-08 11:59:30','',22,'Beginner','{\"A\":\"Birthday\",\"B\":\"Anniversary\",\"C\":\"Week\",\"D\":\"Today\"}','B'),(215,'Announce','No definition','',11,NULL,NULL,'Medium','Moderate',NULL,NULL,NULL,NULL,NULL,1,0,'2026-01-08 11:59:30','2026-01-08 11:59:30','',22,'Beginner','{\"A\":\"Whisper\",\"B\":\"Announce\",\"C\":\"Hide\",\"D\":\"Keep\"}','B'),(216,'Annual','No definition','',11,NULL,NULL,'Medium','Moderate',NULL,NULL,NULL,NULL,NULL,1,0,'2026-01-08 11:59:30','2026-01-08 11:59:30','',22,'Beginner','{\"A\":\"Daily\",\"B\":\"Annual\",\"C\":\"Weekly\",\"D\":\"Monthly\"}','B'),(217,'Anticipate','No definition','',11,NULL,NULL,'Medium','Moderate',NULL,NULL,NULL,NULL,NULL,1,0,'2026-01-08 11:59:30','2026-01-08 11:59:30','',22,'Beginner','{\"A\":\"Doubt\",\"B\":\"Anticipate\",\"C\":\"Ignore\",\"D\":\"Miss\"}','B'),(218,'Anxiety','No definition','',11,NULL,NULL,'Medium','Moderate',NULL,NULL,NULL,NULL,NULL,1,0,'2026-01-08 11:59:30','2026-01-08 11:59:30','',22,'Beginner','{\"A\":\"Calm\",\"B\":\"Anxiety\",\"C\":\"Confidence\",\"D\":\"Joy\"}','B'),(219,'Apologize','No definition','',11,NULL,NULL,'Medium','Moderate',NULL,NULL,NULL,NULL,NULL,1,0,'2026-01-08 11:59:30','2026-01-08 11:59:30','',22,'Beginner','{\"A\":\"Celebrate\",\"B\":\"Apologize\",\"C\":\"Boast\",\"D\":\"Laugh\"}','B'),(220,'Appeal','No definition','',11,NULL,NULL,'Medium','Moderate',NULL,NULL,NULL,NULL,NULL,1,0,'2026-01-08 11:59:30','2026-01-08 11:59:30','',22,'Beginner','{\"A\":\"Command\",\"B\":\"Appeal\",\"C\":\"Force\",\"D\":\"Take\"}','B'),(221,'Appear','No definition','',11,NULL,NULL,'Medium','Moderate',NULL,NULL,NULL,NULL,NULL,1,0,'2026-01-08 11:59:30','2026-01-08 11:59:30','',23,'Beginner','{\"A\":\"Vanish\",\"B\":\"Appear\",\"C\":\"Hide\",\"D\":\"Leave\"}','B'),(222,'Applause','No definition','',11,NULL,NULL,'Medium','Moderate',NULL,NULL,NULL,NULL,NULL,1,0,'2026-01-08 11:59:30','2026-01-08 11:59:30','',23,'Beginner','{\"A\":\"Booing\",\"B\":\"Applause\",\"C\":\"Silence\",\"D\":\"Noise\"}','B'),(223,'Appreciate','No definition','',11,NULL,NULL,'Medium','Moderate',NULL,NULL,NULL,NULL,NULL,1,0,'2026-01-08 11:59:30','2026-01-08 11:59:30','',23,'Beginner','{\"A\":\"Ignore\",\"B\":\"Appreciate\",\"C\":\"Scorn\",\"D\":\"Hate\"}','B'),(224,'Approach','No definition','',11,NULL,NULL,'Medium','Moderate',NULL,NULL,NULL,NULL,NULL,1,0,'2026-01-08 11:59:30','2026-01-08 11:59:30','',23,'Beginner','{\"A\":\"Leave\",\"B\":\"Approach\",\"C\":\"Retreat\",\"D\":\"Avoid\"}','B'),(225,'Approve','No definition','',11,NULL,NULL,'Medium','Moderate',NULL,NULL,NULL,NULL,NULL,1,0,'2026-01-08 11:59:30','2026-01-08 11:59:30','',23,'Beginner','{\"A\":\"Reject\",\"B\":\"Approve\",\"C\":\"Dislike\",\"D\":\"Deny\"}','B'),(226,'Approximate','No definition','',11,NULL,NULL,'Medium','Moderate',NULL,NULL,NULL,NULL,NULL,1,0,'2026-01-08 11:59:30','2026-01-08 11:59:30','',23,'Beginner','{\"A\":\"Exact\",\"B\":\"Approximate\",\"C\":\"Wrong\",\"D\":\"Far\"}','B'),(227,'Architect','No definition','',11,NULL,NULL,'Medium','Moderate',NULL,NULL,NULL,NULL,NULL,1,0,'2026-01-08 11:59:30','2026-01-08 11:59:30','',23,'Beginner','{\"A\":\"Doctor\",\"B\":\"Architect\",\"C\":\"Teacher\",\"D\":\"Driver\"}','B'),(228,'Arrest','No definition','',11,NULL,NULL,'Medium','Moderate',NULL,NULL,NULL,NULL,NULL,1,0,'2026-01-08 11:59:30','2026-01-08 11:59:30','',23,'Beginner','{\"A\":\"Free\",\"B\":\"Arrest\",\"C\":\"Help\",\"D\":\"Run\"}','B'),(229,'Artificial','No definition','',11,NULL,NULL,'Medium','Moderate',NULL,NULL,NULL,NULL,NULL,1,0,'2026-01-08 11:59:30','2026-01-08 11:59:30','',23,'Beginner','{\"A\":\"Natural\",\"B\":\"Artificial\",\"C\":\"Real\",\"D\":\"Organic\"}','B'),(230,'Ashamed','No definition','',11,NULL,NULL,'Medium','Moderate',NULL,NULL,NULL,NULL,NULL,1,0,'2026-01-08 11:59:30','2026-01-08 11:59:30','',23,'Beginner','{\"A\":\"Proud\",\"B\":\"Ashamed\",\"C\":\"Happy\",\"D\":\"Confident\"}','B'),(231,'Aspect','No definition','',11,NULL,NULL,'Medium','Moderate',NULL,NULL,NULL,NULL,NULL,1,0,'2026-01-08 11:59:30','2026-01-08 11:59:30','',24,'Beginner','{\"A\":\"Whole\",\"B\":\"Aspect\",\"C\":\"Total\",\"D\":\"All\"}','B'),(232,'Assemble','No definition','',11,NULL,NULL,'Medium','Moderate',NULL,NULL,NULL,NULL,NULL,1,0,'2026-01-08 11:59:30','2026-01-08 11:59:30','',24,'Beginner','{\"A\":\"Scatter\",\"B\":\"Assemble\",\"C\":\"Disperse\",\"D\":\"Lose\"}','B'),(233,'Assess','No definition','',11,NULL,NULL,'Medium','Moderate',NULL,NULL,NULL,NULL,NULL,1,0,'2026-01-08 11:59:30','2026-01-08 11:59:30','',24,'Beginner','{\"A\":\"Ignore\",\"B\":\"Assess\",\"C\":\"Guess\",\"D\":\"Miss\"}','B'),(234,'Assign','No definition','',11,NULL,NULL,'Medium','Moderate',NULL,NULL,NULL,NULL,NULL,1,0,'2026-01-08 11:59:30','2026-01-08 11:59:30','',24,'Beginner','{\"A\":\"Keep\",\"B\":\"Assign\",\"C\":\"Take\",\"D\":\"Refuse\"}','B'),(235,'Assist','No definition','',11,NULL,NULL,'Medium','Moderate',NULL,NULL,NULL,NULL,NULL,1,0,'2026-01-08 11:59:30','2026-01-08 11:59:30','',24,'Beginner','{\"A\":\"Hinder\",\"B\":\"Assist\",\"C\":\"Stop\",\"D\":\"Block\"}','B'),(236,'Associate','No definition','',11,NULL,NULL,'Medium','Moderate',NULL,NULL,NULL,NULL,NULL,1,0,'2026-01-08 11:59:30','2026-01-08 11:59:30','',24,'Beginner','{\"A\":\"Separate\",\"B\":\"Associate\",\"C\":\"Divide\",\"D\":\"Cut\"}','B'),(237,'Assume','No definition','',11,NULL,NULL,'Medium','Moderate',NULL,NULL,NULL,NULL,NULL,1,0,'2026-01-08 11:59:30','2026-01-08 11:59:30','',24,'Beginner','{\"A\":\"Know\",\"B\":\"Assume\",\"C\":\"Prove\",\"D\":\"Show\"}','B'),(238,'Atmosphere','No definition','',11,NULL,NULL,'Medium','Moderate',NULL,NULL,NULL,NULL,NULL,1,0,'2026-01-08 11:59:30','2026-01-08 11:59:30','',24,'Beginner','{\"A\":\"Ground\",\"B\":\"Atmosphere\",\"C\":\"Water\",\"D\":\"Core\"}','B'),(239,'Attach','No definition','',11,NULL,NULL,'Medium','Moderate',NULL,NULL,NULL,NULL,NULL,1,0,'2026-01-08 11:59:30','2026-01-08 11:59:30','',24,'Beginner','{\"A\":\"Separate\",\"B\":\"Attach\",\"C\":\"Cut\",\"D\":\"Divide\"}','B'),(240,'Attend','No definition','',11,NULL,NULL,'Medium','Moderate',NULL,NULL,NULL,NULL,NULL,1,0,'2026-01-08 11:59:30','2026-01-08 11:59:30','',24,'Beginner','{\"A\":\"Miss\",\"B\":\"Attend\",\"C\":\"Leave\",\"D\":\"Skip\"}','B'),(241,'Attention','No definition','',11,NULL,NULL,'Medium','Moderate',NULL,NULL,NULL,NULL,NULL,1,0,'2026-01-08 11:59:30','2026-01-08 11:59:30','',25,'Beginner','{\"A\":\"Neglect\",\"B\":\"Attention\",\"C\":\"Ignore\",\"D\":\"Sleep\"}','B'),(242,'Attitude','No definition','',11,NULL,NULL,'Medium','Moderate',NULL,NULL,NULL,NULL,NULL,1,0,'2026-01-08 11:59:30','2026-01-08 11:59:30','',25,'Beginner','{\"A\":\"Height\",\"B\":\"Attitude\",\"C\":\"Weight\",\"D\":\"Size\"}','B'),(243,'Attract','No definition','',11,NULL,NULL,'Medium','Moderate',NULL,NULL,NULL,NULL,NULL,1,0,'2026-01-08 11:59:30','2026-01-08 11:59:30','',25,'Beginner','{\"A\":\"Repel\",\"B\":\"Attract\",\"C\":\"Push\",\"D\":\"Force\"}','B'),(244,'Audience','No definition','',11,NULL,NULL,'Medium','Moderate',NULL,NULL,NULL,NULL,NULL,1,0,'2026-01-08 11:59:30','2026-01-08 11:59:30','',25,'Beginner','{\"A\":\"Player\",\"B\":\"Audience\",\"C\":\"Actor\",\"D\":\"Leader\"}','B'),(245,'Author','No definition','',11,NULL,NULL,'Medium','Moderate',NULL,NULL,NULL,NULL,NULL,1,0,'2026-01-08 11:59:30','2026-01-08 11:59:30','',25,'Beginner','{\"A\":\"Reader\",\"B\":\"Author\",\"C\":\"Seller\",\"D\":\"Buyer\"}','B'),(246,'Authority','No definition','',11,NULL,NULL,'Medium','Moderate',NULL,NULL,NULL,NULL,NULL,1,0,'2026-01-08 11:59:30','2026-01-08 11:59:30','',25,'Beginner','{\"A\":\"Weakness\",\"B\":\"Authority\",\"C\":\"Fear\",\"D\":\"Doubt\"}','B'),(247,'Available','No definition','',11,NULL,NULL,'Medium','Moderate',NULL,NULL,NULL,NULL,NULL,1,0,'2026-01-08 11:59:30','2026-01-08 11:59:30','',25,'Beginner','{\"A\":\"Taken\",\"B\":\"Available\",\"C\":\"Lost\",\"D\":\"Gone\"}','B'),(248,'Average','No definition','',11,NULL,NULL,'Medium','Moderate',NULL,NULL,NULL,NULL,NULL,1,0,'2026-01-08 11:59:30','2026-01-08 11:59:30','',25,'Beginner','{\"A\":\"Extreme\",\"B\":\"Average\",\"C\":\"Best\",\"D\":\"Worst\"}','B'),(249,'Award','No definition','',11,NULL,NULL,'Medium','Moderate',NULL,NULL,NULL,NULL,NULL,1,0,'2026-01-08 11:59:30','2026-01-08 11:59:30','',25,'Beginner','{\"A\":\"Fine\",\"B\":\"Award\",\"C\":\"Bill\",\"D\":\"Tax\"}','B'),(250,'Aware','No definition','',11,NULL,NULL,'Medium','Moderate',NULL,NULL,NULL,NULL,NULL,1,0,'2026-01-08 11:59:30','2026-01-08 11:59:30','',25,'Beginner','{\"A\":\"Ignorant\",\"B\":\"Aware\",\"C\":\"Blind\",\"D\":\"Lost\"}','B'),(251,'Background','No definition','',11,NULL,NULL,'Medium','Moderate',NULL,NULL,NULL,NULL,NULL,1,0,'2026-01-08 11:59:30','2026-01-08 11:59:30','',26,'Beginner','{\"A\":\"Foreground\",\"B\":\"Background\",\"C\":\"Center\",\"D\":\"Top\"}','B'),(252,'Balance','No definition','',11,NULL,NULL,'Medium','Moderate',NULL,NULL,NULL,NULL,NULL,1,0,'2026-01-08 11:59:30','2026-01-08 11:59:30','',26,'Beginner','{\"A\":\"Fall\",\"B\":\"Balance\",\"C\":\"Trip\",\"D\":\"Slip\"}','B'),(253,'Ban','No definition','',11,NULL,NULL,'Medium','Moderate',NULL,NULL,NULL,NULL,NULL,1,0,'2026-01-08 11:59:30','2026-01-08 11:59:30','',26,'Beginner','{\"A\":\"Allow\",\"B\":\"Ban\",\"C\":\"Permit\",\"D\":\"Let\"}','B'),(254,'Barrier','No definition','',11,NULL,NULL,'Medium','Moderate',NULL,NULL,NULL,NULL,NULL,1,0,'2026-01-08 11:59:30','2026-01-08 11:59:30','',26,'Beginner','{\"A\":\"Road\",\"B\":\"Barrier\",\"C\":\"Door\",\"D\":\"Path\"}','B'),(255,'Base','No definition','',11,NULL,NULL,'Medium','Moderate',NULL,NULL,NULL,NULL,NULL,1,0,'2026-01-08 11:59:30','2026-01-08 11:59:30','',26,'Beginner','{\"A\":\"Top\",\"B\":\"Base\",\"C\":\"Peak\",\"D\":\"Side\"}','B'),(256,'Beauty','No definition','',11,NULL,NULL,'Medium','Moderate',NULL,NULL,NULL,NULL,NULL,1,0,'2026-01-08 11:59:30','2026-01-08 11:59:30','',26,'Beginner','{\"A\":\"Ugliness\",\"B\":\"Beauty\",\"C\":\"Dirt\",\"D\":\"Mess\"}','B'),(257,'Belief','No definition','',11,NULL,NULL,'Medium','Moderate',NULL,NULL,NULL,NULL,NULL,1,0,'2026-01-08 11:59:30','2026-01-08 11:59:30','',26,'Beginner','{\"A\":\"Doubt\",\"B\":\"Belief\",\"C\":\"Lies\",\"D\":\"Fear\"}','B'),(258,'Belong','No definition','',11,NULL,NULL,'Medium','Moderate',NULL,NULL,NULL,NULL,NULL,1,0,'2026-01-08 11:59:30','2026-01-08 11:59:30','',26,'Beginner','{\"A\":\"Lost\",\"B\":\"Belong\",\"C\":\"Sell\",\"D\":\"Give\"}','B'),(259,'Beneath','No definition','',11,NULL,NULL,'Medium','Moderate',NULL,NULL,NULL,NULL,NULL,1,0,'2026-01-08 11:59:30','2026-01-08 11:59:30','',26,'Beginner','{\"A\":\"Above\",\"B\":\"Beneath\",\"C\":\"Over\",\"D\":\"Top\"}','B'),(260,'Benefit','No definition','',11,NULL,NULL,'Medium','Moderate',NULL,NULL,NULL,NULL,NULL,1,0,'2026-01-08 11:59:30','2026-01-08 11:59:30','',26,'Beginner','{\"A\":\"Loss\",\"B\":\"Benefit\",\"C\":\"Cost\",\"D\":\"Fine\"}','B'),(261,'Beyond','No definition','',11,NULL,NULL,'Medium','Moderate',NULL,NULL,NULL,NULL,NULL,1,0,'2026-01-08 11:59:30','2026-01-08 11:59:30','',27,'Beginner','{\"A\":\"Near\",\"B\":\"Beyond\",\"C\":\"Close\",\"D\":\"Here\"}','B'),(262,'Bill','No definition','',11,NULL,NULL,'Medium','Moderate',NULL,NULL,NULL,NULL,NULL,1,0,'2026-01-08 11:59:30','2026-01-08 11:59:30','',27,'Beginner','{\"A\":\"Gift\",\"B\":\"Bill\",\"C\":\"Card\",\"D\":\"Note\"}','B'),(263,'Bitter','No definition','',11,NULL,NULL,'Medium','Moderate',NULL,NULL,NULL,NULL,NULL,1,0,'2026-01-08 11:59:30','2026-01-08 11:59:30','',27,'Beginner','{\"A\":\"Sweet\",\"B\":\"Bitter\",\"C\":\"Salty\",\"D\":\"Bland\"}','B'),(264,'Blame','No definition','',11,NULL,NULL,'Medium','Moderate',NULL,NULL,NULL,NULL,NULL,1,0,'2026-01-08 11:59:30','2026-01-08 11:59:30','',27,'Beginner','{\"A\":\"Praise\",\"B\":\"Blame\",\"C\":\"Thank\",\"D\":\"Help\"}','B'),(265,'Blind','No definition','',11,NULL,NULL,'Medium','Moderate',NULL,NULL,NULL,NULL,NULL,1,0,'2026-01-08 11:59:30','2026-01-08 11:59:30','',27,'Beginner','{\"A\":\"Sighted\",\"B\":\"Blind\",\"C\":\"Deaf\",\"D\":\"Mute\"}','B'),(266,'Block','No definition','',11,NULL,NULL,'Medium','Moderate',NULL,NULL,NULL,NULL,NULL,1,0,'2026-01-08 11:59:30','2026-01-08 11:59:30','',27,'Beginner','{\"A\":\"Open\",\"B\":\"Block\",\"C\":\"Clear\",\"D\":\"Allow\"}','B'),(267,'Blood','No definition','',11,NULL,NULL,'Medium','Moderate',NULL,NULL,NULL,NULL,NULL,1,0,'2026-01-08 11:59:30','2026-01-08 11:59:30','',27,'Beginner','{\"A\":\"Water\",\"B\":\"Blood\",\"C\":\"Oil\",\"D\":\"Ink\"}','B'),(268,'Boil','No definition','',11,NULL,NULL,'Medium','Moderate',NULL,NULL,NULL,NULL,NULL,1,0,'2026-01-08 11:59:30','2026-01-08 11:59:30','',27,'Beginner','{\"A\":\"Freeze\",\"B\":\"Boil\",\"C\":\"Cool\",\"D\":\"Melt\"}','B'),(269,'Bond','No definition','',11,NULL,NULL,'Medium','Moderate',NULL,NULL,NULL,NULL,NULL,1,0,'2026-01-08 11:59:30','2026-01-08 11:59:30','',27,'Beginner','{\"A\":\"Fight\",\"B\":\"Bond\",\"C\":\"Wall\",\"D\":\"Gap\"}','B'),(270,'Border','No definition','',11,NULL,NULL,'Medium','Moderate',NULL,NULL,NULL,NULL,NULL,1,0,'2026-01-08 11:59:30','2026-01-08 11:59:30','',27,'Beginner','{\"A\":\"Center\",\"B\":\"Border\",\"C\":\"Middle\",\"D\":\"Heart\"}','B'),(271,'Bother','No definition','',11,NULL,NULL,'Medium','Moderate',NULL,NULL,NULL,NULL,NULL,1,0,'2026-01-08 11:59:30','2026-01-08 11:59:30','',28,'Beginner','{\"A\":\"Relax\",\"B\":\"Bother\",\"C\":\"Ignore\",\"D\":\"Sleep\"}','B'),(272,'Brain','No definition','',11,NULL,NULL,'Medium','Moderate',NULL,NULL,NULL,NULL,NULL,1,0,'2026-01-08 11:59:30','2026-01-08 11:59:30','',28,'Beginner','{\"A\":\"Heart\",\"B\":\"Brain\",\"C\":\"Lung\",\"D\":\"Stomach\"}','B'),(273,'Branch','No definition','',11,NULL,NULL,'Medium','Moderate',NULL,NULL,NULL,NULL,NULL,1,0,'2026-01-08 11:59:30','2026-01-08 11:59:30','',28,'Beginner','{\"A\":\"Root\",\"B\":\"Branch\",\"C\":\"Leaf\",\"D\":\"Seed\"}','B'),(274,'Brand','No definition','',11,NULL,NULL,'Medium','Moderate',NULL,NULL,NULL,NULL,NULL,1,0,'2026-01-08 11:59:30','2026-01-08 11:59:30','',28,'Beginner','{\"A\":\"Copy\",\"B\":\"Brand\",\"C\":\"Fake\",\"D\":\"Generic\"}','B'),(275,'Breath','No definition','',11,NULL,NULL,'Medium','Moderate',NULL,NULL,NULL,NULL,NULL,1,0,'2026-01-08 11:59:30','2026-01-08 11:59:30','',28,'Beginner','{\"A\":\"Food\",\"B\":\"Breath\",\"C\":\"Water\",\"D\":\"Blood\"}','B'),(276,'Brilliant','No definition','',11,NULL,NULL,'Medium','Moderate',NULL,NULL,NULL,NULL,NULL,1,0,'2026-01-08 11:59:30','2026-01-08 11:59:30','',28,'Beginner','{\"A\":\"Stupid\",\"B\":\"Brilliant\",\"C\":\"Dull\",\"D\":\"Slow\"}','B'),(277,'Budget','No definition','',11,NULL,NULL,'Medium','Moderate',NULL,NULL,NULL,NULL,NULL,1,0,'2026-01-08 11:59:30','2026-01-08 11:59:30','',28,'Beginner','{\"A\":\"Dream\",\"B\":\"Budget\",\"C\":\"Wish\",\"D\":\"Guess\"}','B'),(278,'Burst','No definition','',11,NULL,NULL,'Medium','Moderate',NULL,NULL,NULL,NULL,NULL,1,0,'2026-01-08 11:59:30','2026-01-08 11:59:30','',28,'Beginner','{\"A\":\"Fix\",\"B\":\"Burst\",\"C\":\"Close\",\"D\":\"Seal\"}','B'),(279,'Calculate','No definition','',11,NULL,NULL,'Medium','Moderate',NULL,NULL,NULL,NULL,NULL,1,0,'2026-01-08 11:59:30','2026-01-08 11:59:30','',28,'Beginner','{\"A\":\"Guess\",\"B\":\"Calculate\",\"C\":\"Write\",\"D\":\"Read\"}','B'),(280,'Campaign','No definition','',11,NULL,NULL,'Medium','Moderate',NULL,NULL,NULL,NULL,NULL,1,0,'2026-01-08 11:59:30','2026-01-08 11:59:30','',28,'Beginner','{\"A\":\"Rest\",\"B\":\"Campaign\",\"C\":\"Sleep\",\"D\":\"Walk\"}','B'),(281,'Cancel','No definition','',11,NULL,NULL,'Medium','Moderate',NULL,NULL,NULL,NULL,NULL,1,0,'2026-01-08 11:59:30','2026-01-08 11:59:30','',29,'Beginner','{\"A\":\"Start\",\"B\":\"Cancel\",\"C\":\"Begin\",\"D\":\"Go\"}','B'),(282,'Candidate','No definition','',11,NULL,NULL,'Medium','Moderate',NULL,NULL,NULL,NULL,NULL,1,0,'2026-01-08 11:59:30','2026-01-08 11:59:30','',29,'Beginner','{\"A\":\"Voter\",\"B\":\"Candidate\",\"C\":\"Judge\",\"D\":\"Boss\"}','B'),(283,'Capacity','No definition','',11,NULL,NULL,'Medium','Moderate',NULL,NULL,NULL,NULL,NULL,1,0,'2026-01-08 11:59:30','2026-01-08 11:59:30','',29,'Beginner','{\"A\":\"Weight\",\"B\":\"Capacity\",\"C\":\"Height\",\"D\":\"Color\"}','B'),(284,'Capture','No definition','',11,NULL,NULL,'Medium','Moderate',NULL,NULL,NULL,NULL,NULL,1,0,'2026-01-08 11:59:30','2026-01-08 11:59:30','',29,'Beginner','{\"A\":\"Release\",\"B\":\"Capture\",\"C\":\"Free\",\"D\":\"Drop\"}','B'),(285,'Careless','No definition','',11,NULL,NULL,'Medium','Moderate',NULL,NULL,NULL,NULL,NULL,1,0,'2026-01-08 11:59:30','2026-01-08 11:59:30','',29,'Beginner','{\"A\":\"Careful\",\"B\":\"Careless\",\"C\":\"Safe\",\"D\":\"Wise\"}','B'),(286,'Category','No definition','',11,NULL,NULL,'Medium','Moderate',NULL,NULL,NULL,NULL,NULL,1,0,'2026-01-08 11:59:30','2026-01-08 11:59:30','',29,'Beginner','{\"A\":\"Single\",\"B\":\"Category\",\"C\":\"Mess\",\"D\":\"Mix\"}','B'),(287,'Cease','No definition','',11,NULL,NULL,'Medium','Moderate',NULL,NULL,NULL,NULL,NULL,1,0,'2026-01-08 11:59:30','2026-01-08 11:59:30','',29,'Beginner','{\"A\":\"Start\",\"B\":\"Cease\",\"C\":\"Begin\",\"D\":\"Grow\"}','B'),(288,'Celebration','No definition','',11,NULL,NULL,'Medium','Moderate',NULL,NULL,NULL,NULL,NULL,1,0,'2026-01-08 11:59:30','2026-01-08 11:59:30','',29,'Beginner','{\"A\":\"Mourning\",\"B\":\"Celebration\",\"C\":\"Work\",\"D\":\"Test\"}','B'),(289,'Cell','No definition','',11,NULL,NULL,'Medium','Moderate',NULL,NULL,NULL,NULL,NULL,1,0,'2026-01-08 11:59:30','2026-01-08 11:59:30','',29,'Beginner','{\"A\":\"Bone\",\"B\":\"Cell\",\"C\":\"Hair\",\"D\":\"Skin\"}','B'),(290,'Ceremony','No definition','',11,NULL,NULL,'Medium','Moderate',NULL,NULL,NULL,NULL,NULL,1,0,'2026-01-08 11:59:30','2026-01-08 11:59:30','',29,'Beginner','{\"A\":\"Game\",\"B\":\"Ceremony\",\"C\":\"Joke\",\"D\":\"Nap\"}','B'),(291,'Certain','No definition','',11,NULL,NULL,'Medium','Moderate',NULL,NULL,NULL,NULL,NULL,1,0,'2026-01-08 11:59:30','2026-01-08 11:59:30','',30,'Beginner','{\"A\":\"Unsure\",\"B\":\"Certain\",\"C\":\"Vague\",\"D\":\"Lost\"}','B'),(292,'Chain','No definition','',11,NULL,NULL,'Medium','Moderate',NULL,NULL,NULL,NULL,NULL,1,0,'2026-01-08 11:59:30','2026-01-08 11:59:30','',30,'Beginner','{\"A\":\"Rope\",\"B\":\"Chain\",\"C\":\"String\",\"D\":\"Wire\"}','B'),(293,'Chairman','No definition','',11,NULL,NULL,'Medium','Moderate',NULL,NULL,NULL,NULL,NULL,1,0,'2026-01-08 11:59:30','2026-01-08 11:59:30','',30,'Beginner','{\"A\":\"Member\",\"B\":\"Chairman\",\"C\":\"Guest\",\"D\":\"Clerk\"}','B'),(294,'Challenge','No definition','',11,NULL,NULL,'Medium','Moderate',NULL,NULL,NULL,NULL,NULL,1,0,'2026-01-08 11:59:30','2026-01-08 11:59:30','',30,'Beginner','{\"A\":\"Gift\",\"B\":\"Challenge\",\"C\":\"Help\",\"D\":\"Peace\"}','B'),(295,'Chamber','No definition','',11,NULL,NULL,'Medium','Moderate',NULL,NULL,NULL,NULL,NULL,1,0,'2026-01-08 11:59:30','2026-01-08 11:59:30','',30,'Beginner','{\"A\":\"Hut\",\"B\":\"Chamber\",\"C\":\"Box\",\"D\":\"Cage\"}','B'),(296,'Character','No definition','',11,NULL,NULL,'Medium','Moderate',NULL,NULL,NULL,NULL,NULL,1,0,'2026-01-08 11:59:30','2026-01-08 11:59:30','',30,'Beginner','{\"A\":\"Clothes\",\"B\":\"Character\",\"C\":\"House\",\"D\":\"Car\"}','B'),(297,'Charge','No definition','',11,NULL,NULL,'Medium','Moderate',NULL,NULL,NULL,NULL,NULL,1,0,'2026-01-08 11:59:30','2026-01-08 11:59:30','',30,'Beginner','{\"A\":\"Pay\",\"B\":\"Charge\",\"C\":\"Give\",\"D\":\"Gift\"}','B'),(298,'Charity','No definition','',11,NULL,NULL,'Medium','Moderate',NULL,NULL,NULL,NULL,NULL,1,0,'2026-01-08 11:59:30','2026-01-08 11:59:30','',30,'Beginner','{\"A\":\"Bank\",\"B\":\"Charity\",\"C\":\"Shop\",\"D\":\"Mall\"}','B'),(299,'Chart','No definition','',11,NULL,NULL,'Medium','Moderate',NULL,NULL,NULL,NULL,NULL,1,0,'2026-01-08 11:59:30','2026-01-08 11:59:30','',30,'Beginner','{\"A\":\"Book\",\"B\":\"Chart\",\"C\":\"Word\",\"D\":\"Song\"}','B'),(300,'Chase','No definition','',11,NULL,NULL,'Medium','Moderate',NULL,NULL,NULL,NULL,NULL,1,0,'2026-01-08 11:59:30','2026-01-08 11:59:30','',30,'Beginner','{\"A\":\"Run away\",\"B\":\"Chase\",\"C\":\"Wait\",\"D\":\"Sit\"}','B'),(301,'Cheer','No definition','',11,NULL,NULL,'Medium','Moderate',NULL,NULL,NULL,NULL,NULL,1,0,'2026-01-08 11:59:30','2026-01-08 11:59:30','',31,'Beginner','{\"A\":\"Cry\",\"B\":\"Cheer\",\"C\":\"Boo\",\"D\":\"Sleep\"}','B'),(302,'Chemical','No definition','',11,NULL,NULL,'Medium','Moderate',NULL,NULL,NULL,NULL,NULL,1,0,'2026-01-08 11:59:30','2026-01-08 11:59:30','',31,'Beginner','{\"A\":\"Food\",\"B\":\"Chemical\",\"C\":\"Animal\",\"D\":\"Plant\"}','B'),(303,'Chest','No definition','',11,NULL,NULL,'Medium','Moderate',NULL,NULL,NULL,NULL,NULL,1,0,'2026-01-08 11:59:30','2026-01-08 11:59:30','',31,'Beginner','{\"A\":\"Back\",\"B\":\"Chest\",\"C\":\"Leg\",\"D\":\"Head\"}','B'),(304,'Chief','No definition','',11,NULL,NULL,'Medium','Moderate',NULL,NULL,NULL,NULL,NULL,1,0,'2026-01-08 11:59:30','2026-01-08 11:59:30','',31,'Beginner','{\"A\":\"Follower\",\"B\":\"Chief\",\"C\":\"Child\",\"D\":\"Servant\"}','B'),(305,'Childhood','No definition','',11,NULL,NULL,'Medium','Moderate',NULL,NULL,NULL,NULL,NULL,1,0,'2026-01-08 11:59:30','2026-01-08 11:59:30','',31,'Beginner','{\"A\":\"Adulthood\",\"B\":\"Childhood\",\"C\":\"Old age\",\"D\":\"Teenage\"}','B'),(306,'Church','No definition','',11,NULL,NULL,'Medium','Moderate',NULL,NULL,NULL,NULL,NULL,1,0,'2026-01-08 11:59:30','2026-01-08 11:59:30','',31,'Beginner','{\"A\":\"School\",\"B\":\"Church\",\"C\":\"Bank\",\"D\":\"Park\"}','B'),(307,'Circle','No definition','',11,NULL,NULL,'Medium','Moderate',NULL,NULL,NULL,NULL,NULL,1,0,'2026-01-08 11:59:30','2026-01-08 11:59:30','',31,'Beginner','{\"A\":\"Square\",\"B\":\"Circle\",\"C\":\"Triangle\",\"D\":\"Line\"}','B'),(308,'Circumstance','No definition','',11,NULL,NULL,'Medium','Moderate',NULL,NULL,NULL,NULL,NULL,1,0,'2026-01-08 11:59:30','2026-01-08 11:59:30','',31,'Beginner','{\"A\":\"Dream\",\"B\":\"Circumstance\",\"C\":\"Lie\",\"D\":\"Game\"}','B'),(309,'Citizen','No definition','',11,NULL,NULL,'Medium','Moderate',NULL,NULL,NULL,NULL,NULL,1,0,'2026-01-08 11:59:30','2026-01-08 11:59:30','',31,'Beginner','{\"A\":\"Alien\",\"B\":\"Citizen\",\"C\":\"Tourist\",\"D\":\"Visitor\"}','B'),(310,'Claim','No definition','',11,NULL,NULL,'Medium','Moderate',NULL,NULL,NULL,NULL,NULL,1,0,'2026-01-08 11:59:30','2026-01-08 11:59:30','',31,'Beginner','{\"A\":\"Deny\",\"B\":\"Claim\",\"C\":\"Ask\",\"D\":\"Hide\"}','B'),(311,'Clarify','No definition','',11,NULL,NULL,'Medium','Moderate',NULL,NULL,NULL,NULL,NULL,1,0,'2026-01-08 11:59:30','2026-01-08 11:59:30','',32,'Beginner','{\"A\":\"Confuse\",\"B\":\"Clarify\",\"C\":\"Mix\",\"D\":\"Hide\"}','B'),(312,'Classic','No definition','',11,NULL,NULL,'Medium','Moderate',NULL,NULL,NULL,NULL,NULL,1,0,'2026-01-08 11:59:30','2026-01-08 11:59:30','',32,'Beginner','{\"A\":\"Modern\",\"B\":\"Classic\",\"C\":\"New\",\"D\":\"Cheap\"}','B'),(313,'Clerk','No definition','',11,NULL,NULL,'Medium','Moderate',NULL,NULL,NULL,NULL,NULL,1,0,'2026-01-08 11:59:30','2026-01-08 11:59:30','',32,'Beginner','{\"A\":\"Boss\",\"B\":\"Clerk\",\"C\":\"Guard\",\"D\":\"Cook\"}','B'),(314,'Clever','No definition','',11,NULL,NULL,'Medium','Moderate',NULL,NULL,NULL,NULL,NULL,1,0,'2026-01-08 11:59:30','2026-01-08 11:59:30','',32,'Beginner','{\"A\":\"Stupid\",\"B\":\"Clever\",\"C\":\"Slow\",\"D\":\"Dull\"}','B'),(315,'Client','No definition','',11,NULL,NULL,'Medium','Moderate',NULL,NULL,NULL,NULL,NULL,1,0,'2026-01-08 11:59:30','2026-01-08 11:59:30','',32,'Beginner','{\"A\":\"Server\",\"B\":\"Client\",\"C\":\"Worker\",\"D\":\"Boss\"}','B'),(316,'Climate','No definition','',11,NULL,NULL,'Medium','Moderate',NULL,NULL,NULL,NULL,NULL,1,0,'2026-01-08 11:59:30','2026-01-08 11:59:30','',32,'Beginner','{\"A\":\"Weather\",\"B\":\"Climate\",\"C\":\"Rain\",\"D\":\"Sun\"}','B'),(317,'Climb','No definition','',11,NULL,NULL,'Medium','Moderate',NULL,NULL,NULL,NULL,NULL,1,0,'2026-01-08 11:59:30','2026-01-08 11:59:30','',32,'Beginner','{\"A\":\"Fall\",\"B\":\"Climb\",\"C\":\"Drop\",\"D\":\"Sit\"}','B'),(318,'Cloth','No definition','',11,NULL,NULL,'Medium','Moderate',NULL,NULL,NULL,NULL,NULL,1,0,'2026-01-08 11:59:30','2026-01-08 11:59:30','',32,'Beginner','{\"A\":\"Paper\",\"B\":\"Cloth\",\"C\":\"Wood\",\"D\":\"Metal\"}','B'),(319,'Clue','No definition','',11,NULL,NULL,'Medium','Moderate',NULL,NULL,NULL,NULL,NULL,1,0,'2026-01-08 11:59:30','2026-01-08 11:59:30','',32,'Beginner','{\"A\":\"Answer\",\"B\":\"Clue\",\"C\":\"Lie\",\"D\":\"Question\"}','B'),(320,'Coach','No definition','',11,NULL,NULL,'Medium','Moderate',NULL,NULL,NULL,NULL,NULL,1,0,'2026-01-08 11:59:30','2026-01-08 11:59:30','',32,'Beginner','{\"A\":\"Student\",\"B\":\"Coach\",\"C\":\"Player\",\"D\":\"Fan\"}','B'),(321,'Coal','No definition','',11,NULL,NULL,'Medium','Moderate',NULL,NULL,NULL,NULL,NULL,1,0,'2026-01-08 11:59:30','2026-01-08 11:59:30','',33,'Beginner','{\"A\":\"Gold\",\"B\":\"Coal\",\"C\":\"Silver\",\"D\":\"Iron\"}','B'),(322,'Coast','No definition','',11,NULL,NULL,'Medium','Moderate',NULL,NULL,NULL,NULL,NULL,1,0,'2026-01-08 11:59:30','2026-01-08 11:59:30','',33,'Beginner','{\"A\":\"Desert\",\"B\":\"Coast\",\"C\":\"Mountain\",\"D\":\"Forest\"}','B'),(323,'Abundant','Existing or available in large quantities.','',11,NULL,NULL,'Hard','Moderate',NULL,NULL,NULL,NULL,NULL,1,0,'2026-01-08 11:59:30','2026-01-08 11:59:30','विपुल, भरपूर.',33,'Beginner','{\"A\":\"Scarce\",\"B\":\"Plentiful\",\"C\":\"Empty\",\"D\":\"Rare\"}','B'),(324,'Behavior','The way in which one acts or conducts oneself.','',11,NULL,NULL,'Hard','Moderate',NULL,NULL,NULL,NULL,NULL,1,0,'2026-01-08 11:59:30','2026-01-08 11:59:30','वर्तन, वागणूक.',33,'Beginner','{\"A\":\"Thought\",\"B\":\"Conduct\",\"C\":\"Dream\",\"D\":\"Speech\"}','B'),(325,'Confess','Admit or state that one has committed a crime or is at fault in some way.','',11,NULL,NULL,'Hard','Moderate',NULL,NULL,NULL,NULL,NULL,1,0,'2026-01-08 11:59:30','2026-01-08 11:59:30','कबूल करणे.',33,'Beginner','{\"A\":\"Hide\",\"B\":\"Admit\",\"C\":\"Deny\",\"D\":\"Lie\"}','B'),(326,'Disaster','A sudden event, such as an accident or a natural catastrophe.','',11,NULL,NULL,'Hard','Moderate',NULL,NULL,NULL,NULL,NULL,1,0,'2026-01-08 11:59:30','2026-01-08 11:59:30','आपत्ती, संकट.',33,'Beginner','{\"A\":\"Success\",\"B\":\"Calamity\",\"C\":\"Luck\",\"D\":\"Joy\"}','B'),(327,'Enormous','Very large in size, quantity, or extent.','',11,NULL,NULL,'Hard','Moderate',NULL,NULL,NULL,NULL,NULL,1,0,'2026-01-08 11:59:30','2026-01-08 11:59:30','प्रचंड, अवाढव्य.',33,'Beginner','{\"A\":\"Tiny\",\"B\":\"Small\",\"C\":\"Massive\",\"D\":\"Little\"}','C'),(328,'Examine','Inspect (someone or something) in detail to determine their nature or condition.','',11,NULL,NULL,'Hard','Moderate',NULL,NULL,NULL,NULL,NULL,1,0,'2026-01-08 11:59:30','2026-01-08 11:59:30','तपासणी करणे, पाहणी करणे.',33,'Beginner','{\"A\":\"Ignore\",\"B\":\"Inspect\",\"C\":\"Miss\",\"D\":\"Skip\"}','B');
/*!40000 ALTER TABLE `vocab_words` ENABLE KEYS */;
UNLOCK TABLES;

--
-- Final view structure for view `v_user_due_words`
--

/*!50001 DROP VIEW IF EXISTS `v_user_due_words`*/;
/*!50001 SET @saved_cs_client          = @@character_set_client */;
/*!50001 SET @saved_cs_results         = @@character_set_results */;
/*!50001 SET @saved_col_connection     = @@collation_connection */;
/*!50001 SET character_set_client      = cp850 */;
/*!50001 SET character_set_results     = cp850 */;
/*!50001 SET collation_connection      = cp850_general_ci */;
/*!50001 CREATE ALGORITHM=UNDEFINED */
/*!50013 DEFINER=`root`@`localhost` SQL SECURITY DEFINER */
/*!50001 VIEW `v_user_due_words` AS select `uvp`.`user_id` AS `user_id`,`uvp`.`word_id` AS `word_id`,`vw`.`word` AS `word`,`vw`.`definition` AS `definition`,`vw`.`example_sentence` AS `example_sentence`,`vw`.`difficulty_level` AS `difficulty_level`,`uvp`.`mastery_status` AS `mastery_status`,`uvp`.`review_count` AS `review_count`,`uvp`.`next_review_date` AS `next_review_date`,`vc`.`category_name` AS `category_name` from ((`user_vocab_progress` `uvp` join `vocab_words` `vw` on(`uvp`.`word_id` = `vw`.`word_id`)) join `vocab_categories` `vc` on(`vw`.`category_id` = `vc`.`category_id`)) where `uvp`.`next_review_date` <= curdate() and `vw`.`is_active` = 1 */;
/*!50001 SET character_set_client      = @saved_cs_client */;
/*!50001 SET character_set_results     = @saved_cs_results */;
/*!50001 SET collation_connection      = @saved_col_connection */;

--
-- Final view structure for view `v_user_vocab_summary`
--

/*!50001 DROP VIEW IF EXISTS `v_user_vocab_summary`*/;
/*!50001 SET @saved_cs_client          = @@character_set_client */;
/*!50001 SET @saved_cs_results         = @@character_set_results */;
/*!50001 SET @saved_col_connection     = @@collation_connection */;
/*!50001 SET character_set_client      = cp850 */;
/*!50001 SET character_set_results     = cp850 */;
/*!50001 SET collation_connection      = cp850_general_ci */;
/*!50001 CREATE ALGORITHM=UNDEFINED */
/*!50013 DEFINER=`root`@`localhost` SQL SECURITY DEFINER */
/*!50001 VIEW `v_user_vocab_summary` AS select `u`.`user_id` AS `user_id`,`u`.`name` AS `name`,coalesce(`uvs`.`total_words_learned`,0) AS `total_words`,coalesce(`uvs`.`words_mastered`,0) AS `mastered_words`,coalesce(`uvs`.`current_streak`,0) AS `current_streak`,coalesce(`uvs`.`longest_streak`,0) AS `longest_streak`,coalesce(`uvs`.`accuracy_percentage`,0) AS `accuracy`,coalesce(`uvs`.`level`,1) AS `level` from (`users` `u` left join `user_vocab_stats` `uvs` on(`u`.`user_id` = `uvs`.`user_id`)) */;
/*!50001 SET character_set_client      = @saved_cs_client */;
/*!50001 SET character_set_results     = @saved_cs_results */;
/*!50001 SET collation_connection      = @saved_col_connection */;
/*!40103 SET TIME_ZONE=@OLD_TIME_ZONE */;

/*!40101 SET SQL_MODE=@OLD_SQL_MODE */;
/*!40014 SET FOREIGN_KEY_CHECKS=@OLD_FOREIGN_KEY_CHECKS */;
/*!40014 SET UNIQUE_CHECKS=@OLD_UNIQUE_CHECKS */;
/*!40101 SET CHARACTER_SET_CLIENT=@OLD_CHARACTER_SET_CLIENT */;
/*!40101 SET CHARACTER_SET_RESULTS=@OLD_CHARACTER_SET_RESULTS */;
/*!40101 SET COLLATION_CONNECTION=@OLD_COLLATION_CONNECTION */;
/*!40111 SET SQL_NOTES=@OLD_SQL_NOTES */;

-- Dump completed on 2026-01-16  0:45:09
